,iskele,sancak,avarage_radius,heading_rate
0,-100.0,100.0,1.6042354695829195,0.3265347520535723
1,-95.0,100.0,1.884053451174914,0.3167333053187644
2,-90.0,100.0,2.1718473846263677,0.3072372127179076
3,-85.0,100.0,2.4654985433361576,0.29812123876474256
4,-80.0,100.0,2.763108723723385,0.2894520641988499
5,-75.0,100.0,3.062399099408519,0.2812815445272702
6,-70.0,100.0,3.360850169090581,0.27364180451425735
7,-65.0,100.0,3.655807703065195,0.2665485600572732
8,-60.0,100.0,3.9443575935398707,0.2600169842456522
9,-55.0,100.0,4.223810805441874,0.25403630916878855
10,-50.0,100.0,4.491479296023709,0.24859395302327184
11,-45.0,100.0,4.744624895626625,0.2436811040086293
12,-40.0,100.0,4.980499446301441,0.23929177489974035
13,-35.0,100.0,5.196394308637449,0.2354220757148926
14,-30.0,100.0,5.389698044470345,0.23206965117739098
15,-25.0,100.0,5.557960060072518,0.22923323785919955
16,-20.0,100.0,5.698957244548569,0.2269123114151259
17,-15.0,100.0,5.810760041127562,0.2251068053119125
18,-10.0,100.0,5.891794021272376,0.22381688969615582
19,-5.0,100.0,5.9408929801239285,0.2230428037134706
20,0.0,100.0,5.957339893889909,0.222784737538809
21,5.0,100.0,5.985709899897577,0.22234110983203034
22,10.0,100.0,6.071547147889905,0.2210099489019621
23,15.0,100.0,6.217080334765321,0.21879039928836422
24,20.0,100.0,6.426188667647378,0.21568066419142434
25,25.0,100.0,6.704672650554743,0.21167740868611168
26,30.0,100.0,7.06068785711157,0.20677493850963316
27,35.0,100.0,7.5054117808952,0.2009641249989347
28,40.0,100.0,8.054063271598654,0.19423103192048766
29,45.0,100.0,8.727480962591967,0.18655515512213808
30,50.0,100.0,9.554628738334198,0.1779071130507887
31,55.0,100.0,10.576713856386007,0.16824550502131763
32,60.0,100.0,11.854266729190037,0.15751244223093913
33,65.0,100.0,13.480021393766526,0.1456268609616691
34,70.0,100.0,15.604092445491501,0.132473931834247
35,75.0,100.0,18.487980209777874,0.11788713408928421
36,80.0,100.0,22.63583814213949,0.10161530583914372
37,85.0,100.0,29.175841891996694,0.08325501745373533
38,90.0,100.0,41.32765305122347,0.06208748549575867
39,95.0,100.0,74.12170033192875,0.03656260760807982
40,100.0,100.0,48745.7293072403,-5.8611984556330396e-05
41,-100.0,95.0,1.2680377556756601,0.31887897552015704
42,-95.0,95.0,1.5445792563798275,0.30911086441894936
43,-90.0,95.0,1.8270917199650636,0.29950388857031524
44,-85.0,95.0,2.1167642356201224,0.2901970079603102
45,-80.0,95.0,2.41201069643849,0.2812763913151488
46,-75.0,95.0,2.7107602746959416,0.2728122657796222
47,-70.0,95.0,3.010529552224735,0.2648579146569722
48,-65.0,95.0,3.3086087766078967,0.2574435406385403
49,-60.0,95.0,3.602026199003657,0.25059065751523196
50,-55.0,95.0,3.8876188529277744,0.24431257045576582
51,-50.0,95.0,4.162336387896791,0.2386042480653297
52,-45.0,95.0,4.423195080160399,0.2334540504478891
53,-40.0,95.0,4.667170883151973,0.22885410970005204
54,-35.0,95.0,4.891255226987065,0.22479936916360774
55,-30.0,95.0,5.092521785323931,0.22128680962987
56,-25.0,95.0,5.268202057190135,0.21831484680203941
57,-20.0,95.0,5.415766215130026,0.21588285801630624
58,-15.0,95.0,5.533004678489407,0.2139908091601452
59,-10.0,95.0,5.618105214101693,0.21263896370125743
60,-5.0,95.0,5.669720159647898,0.21182766317649215
61,0.0,95.0,5.6870187059152615,0.2115571732159522
62,5.0,95.0,5.716867904870466,0.2110922169447691
63,10.0,95.0,5.807260947828957,0.20969695602898258
64,15.0,95.0,5.960794774314325,0.20737021582432655
65,20.0,95.0,6.182011624719538,0.20410956666066027
66,25.0,95.0,6.477754773682651,0.1999105422450589
67,30.0,95.0,6.857746698235875,0.19476557031044606
68,35.0,95.0,7.335495605560217,0.18866256489432276
69,40.0,95.0,7.929716373390352,0.1815831072725877
70,45.0,95.0,8.666599667391857,0.1735000684081146
71,50.0,95.0,9.583552332585525,0.16437440175162327
72,55.0,95.0,10.735635819203951,0.15415062004582936
73,60.0,95.0,12.207284414364318,0.1427500716366099
74,65.0,95.0,14.135208910313425,0.13006033555279217
75,70.0,95.0,16.757509466608305,0.11591731344304662
76,75.0,95.0,20.53298962242214,0.10007235482186098
77,80.0,95.0,26.487539898634612,0.08212485476753655
78,85.0,95.0,37.545404850961894,0.061359964423094666
79,90.0,95.0,67.32378313153181,0.03623653969946195
80,95.0,95.0,52217.15172693214,-4.938066804344674e-05
81,100.0,95.0,74.08902778026776,-0.036578796520840375
82,-100.0,90.0,0.9372275011065979,0.3109045176286031
83,-95.0,90.0,1.2082142366614415,0.30124829001275305
84,-90.0,90.0,1.4849639438136009,0.2916319898024638
85,-85.0,90.0,1.7698155293719708,0.28221660836597523
86,-80.0,90.0,2.0616230748174877,0.27310636724977416
87,-75.0,90.0,2.35865271257032,0.26439121525389137
88,-70.0,90.0,2.658636733549949,0.25614371805752734
89,-65.0,90.0,2.9588680047773894,0.24841724525866588
90,-60.0,90.0,3.2563617368804527,0.24124388883209177
91,-55.0,90.0,3.5477898545666755,0.2346491305923637
92,-50.0,90.0,3.8297121647746963,0.22864351462081492
93,-45.0,90.0,4.098638188498748,0.2232290081071714
94,-40.0,90.0,4.351239182419541,0.2183952404991579
95,-35.0,90.0,4.5841676439184145,0.21413546252780616
96,-30.0,90.0,4.794134010696943,0.21044566161247324
97,-25.0,90.0,4.9779965608203,0.20732374886258892
98,-20.0,90.0,5.132859983418687,0.20476891719769108
99,-15.0,90.0,5.256176881143695,0.20278113913448184
100,-10.0,90.0,5.345845299894521,0.20136077801297586
101,-5.0,90.0,5.400294868266169,0.20050829625069147
102,0.0,90.0,5.418554435084696,0.20022405135641114
103,5.0,90.0,5.450074024718092,0.19973550376276134
104,10.0,90.0,5.5456251318287455,0.19826931619550503
105,15.0,90.0,5.708263650609615,0.19582390489708676
106,20.0,90.0,5.943365268201494,0.19239602470939907
107,25.0,90.0,6.259101492763076,0.18797972868767776
108,30.0,90.0,6.667226533106378,0.18256495413540527
109,35.0,90.0,7.184340103798174,0.17613564767297818
110,40.0,90.0,7.833926393660825,0.16866730637958727
111,45.0,90.0,8.649732525027765,0.1601236853741987
112,50.0,90.0,9.681597385788782,0.15045220248578475
113,55.0,90.0,11.006069482686453,0.139577168540922
114,60.0,90.0,12.747162284100426,0.12738917496612814
115,65.0,90.0,15.120847446444829,0.11372723698429817
116,70.0,90.0,18.54308493841175,0.09834607957647773
117,75.0,90.0,23.943179029212157,0.08084916652282745
118,80.0,90.0,33.966431357487465,0.06052774642163599
119,85.0,90.0,60.89582986907128,0.035854000699752434
120,90.0,90.0,56861.48301248008,-4.069955261499558e-05
121,95.0,90.0,67.28318459598599,-0.03625847255328206
122,100.0,90.0,41.325833295514116,-0.06209034633700718
123,-100.0,85.0,0.6080766318992475,0.30247538617233466
124,-95.0,85.0,0.8740992984849568,0.29303048013394795
125,-90.0,85.0,1.1451141852846685,0.28351470370537657
126,-85.0,85.0,1.4246827480844084,0.27409070475303265
127,-80.0,85.0,1.7122075673778632,0.2648734598942902
128,-75.0,85.0,2.006431405821246,0.255969705513266
129,-70.0,85.0,2.3054488548366794,0.24747170094597085
130,-65.0,85.0,2.6067568589058396,0.23945415813842713
131,-60.0,85.0,2.9073929063581687,0.2319698230390535
132,-55.0,85.0,3.2039937636396862,0.22505587983323125
133,-50.0,85.0,3.4928367148382615,0.21873951555549165
134,-45.0,85.0,3.77013531906501,0.21302949402882043
135,-40.0,85.0,4.031894619856337,0.207934285449869
136,-35.0,85.0,4.274373309134666,0.20344576531128547
137,-30.0,85.0,4.493862816547345,0.19955851600178065
138,-25.0,85.0,4.686781911847624,0.19626968319763283
139,-20.0,85.0,4.849797224662157,0.1935781433956635
140,-15.0,85.0,4.979950506602155,0.19148382897857305
141,-10.0,85.0,5.074783326985399,0.18998720419313006
142,-5.0,85.0,5.132448895156715,0.18908887269081884
143,0.0,85.0,5.151800858304498,0.1887893036546094
144,5.0,85.0,5.185220581027423,0.18827450712152619
145,10.0,85.0,5.2866571115498076,0.18672936715306826
146,15.0,85.0,5.4597464268821945,0.18415177159786247
147,20.0,85.0,5.710928279224268,0.18053741501656365
148,25.0,85.0,6.0500966795948425,0.17587839110225742
149,30.0,85.0,6.491696899522931,0.17016129148761128
150,35.0,85.0,7.056535485419292,0.16336465986442789
151,40.0,85.0,7.774808640188361,0.155455588844019
152,45.0,85.0,8.691349534272538,0.14638502249029656
153,50.0,85.0,9.875203219410333,0.13608091888410112
154,55.0,85.0,11.438351651977642,0.12443762779494803
155,60.0,85.0,13.575846276051779,0.11129811511968017
156,65.0,85.0,16.663191197119406,0.09642149786864745
157,70.0,85.0,21.53853654082089,0.07941671672602058
158,75.0,85.0,30.583976951219586,0.05958342213277781
159,80.0,85.0,54.824965512709575,0.03541103952757759
160,85.0,85.0,63062.79321107547,-3.273310847758912e-05
161,90.0,85.0,60.84659344266467,-0.03588307531340178
162,95.0,85.0,37.54282555742671,-0.06136433945401655
163,100.0,85.0,29.175532000625342,-0.083256037465441
164,-100.0,80.0,0.27857592923568286,0.29352028969039673
165,-95.0,80.0,0.5406468591687688,0.28435649542318564
166,-90.0,80.0,0.8065281023390919,0.275042226074735
167,-85.0,80.0,1.080868797119882,0.265714873953101
168,-80.0,80.0,1.3636620520721938,0.25648819366055875
169,-75.0,80.0,1.654234608324985,0.24747776129658916
170,-70.0,80.0,1.951191756660933,0.23879180671191305
171,-65.0,80.0,2.252417134087758,0.23052459885057044
172,-60.0,80.0,2.5551376251352718,0.2227517187312981
173,-55.0,80.0,2.856038255442563,0.21552827927943352
174,-50.0,80.0,3.1513016628037445,0.2088956622912607
175,-45.0,80.0,3.436759321423665,0.20288110558047423
176,-40.0,80.0,3.708133735695544,0.197495521170061
177,-35.0,80.0,3.960908439545976,0.19275037068191717
178,-30.0,80.0,4.190833821343989,0.18864180519525076
179,-25.0,80.0,4.39380870376065,0.1851660034961235
180,-20.0,80.0,4.565971434299046,0.18232137497279577
181,-15.0,80.0,4.703859770381877,0.18010775283783098
182,-10.0,80.0,4.8045719428187965,0.17852570335109522
183,-5.0,80.0,4.865913825595861,0.17757599838019728
184,0.0,80.0,4.8865173961682675,0.17725924533695764
185,5.0,80.0,4.922115850931383,0.17671506080620517
186,10.0,80.0,5.030325161670913,0.17508147715871566
187,15.0,80.0,5.215526109902647,0.17235568868646348
188,20.0,80.0,5.4855411662480575,0.1685319890171024
189,25.0,80.0,5.852544888237769,0.1635998375570943
190,30.0,80.0,6.334636684912077,0.15754125642230135
191,35.0,80.0,6.958524215491929,0.15032729608963774
192,40.0,80.0,7.764211769424022,0.1419131910442562
193,45.0,80.0,8.813584123012784,0.13223141048478335
194,50.0,80.0,10.207211696478508,0.12118100277231182
195,55.0,80.0,12.120367919765108,0.10860991668343566
196,60.0,80.0,14.890372128598445,0.09428286537141445
197,65.0,80.0,19.26940491090854,0.07781584012999421
198,70.0,80.0,27.391468788693214,0.05851924222199809
199,75.0,80.0,49.099855189409844,0.03490275290840074
200,80.0,80.0,71390.67057804136,-2.561302325629908e-05
201,85.0,80.0,54.76681639935526,-0.03544867735914973
202,90.0,80.0,33.96288269533155,-0.0605342685876917
203,95.0,80.0,26.48705190915733,-0.08212654576608953
204,100.0,80.0,22.63575183544528,-0.10161582771891212
205,-100.0,75.0,0.05442452973694035,0.2840270627516507
206,-95.0,75.0,0.20561427977758356,0.27516863243869816
207,-90.0,75.0,0.4674637579046718,0.2661276313009557
208,-85.0,75.0,0.7371909735770465,0.256988480542063
209,-80.0,75.0,1.0153244358705882,0.2478506732690343
210,-75.0,75.0,1.301805223802145,0.23882688085037007
211,-70.0,75.0,1.5958559912450638,0.23003274980912353
212,-65.0,75.0,1.8959053304493214,0.2215775303008834
213,-60.0,75.0,2.199579078742524,0.21355670693389353
214,-55.0,75.0,2.5037659823923883,0.20604684662595796
215,-50.0,75.0,2.8046773775280456,0.19910749907820735
216,-45.0,75.0,3.0979565049933995,0.19278268206794996
217,-40.0,75.0,3.378906894048454,0.18709887596667285
218,-35.0,75.0,3.642582583098558,0.18207285448712193
219,-30.0,75.0,3.8839329689103548,0.17771552465362822
220,-25.0,75.0,4.098097817258469,0.1740293141173794
221,-20.0,75.0,4.280570286667835,0.17101233747911623
222,-15.0,75.0,4.427263478283563,0.16866434524164906
223,-10.0,75.0,4.534717564411124,0.16698604370162817
224,-5.0,75.0,4.600295902099799,0.1659784266376681
225,0.0,75.0,4.622345748238102,0.16564228403880457
226,5.0,75.0,4.660463973296817,0.1650649975171833
227,10.0,75.0,4.776540195997159,0.16333172061529647
228,15.0,75.0,4.975928721536923,0.1604387081049943
229,20.0,75.0,5.268285723331899,0.15637835121478535
230,25.0,75.0,5.668879005337991,0.1511364870945762
231,30.0,75.0,6.200918473052119,0.144688763691425
232,35.0,75.0,6.899698908770888,0.13699560378709766
233,40.0,75.0,7.8202368864148175,0.12799506877223854
234,45.0,75.0,9.052257935088504,0.11759210574490463
235,50.0,75.0,10.752331023560437,0.1056409442662971
236,55.0,75.0,13.221751918785516,0.09191333829620495
237,60.0,75.0,17.131704823567357,0.0760340726834542
238,65.0,75.0,24.38277000162643,0.05732656963608205
239,70.0,75.0,43.71134261390131,0.03432242174981641
240,75.0,75.0,82716.28135520274,-1.942913701614812e-05
241,80.0,75.0,49.03316220034764,-0.03495021629896581
242,85.0,75.0,30.579240605017272,-0.059592889658580575
243,90.0,75.0,23.942443539378615,-0.08085188322463008
244,95.0,75.0,20.532838208612255,-0.10007327599457748
245,100.0,75.0,18.48794717766854,-0.11788747635942302
246,-100.0,70.0,0.3918621863874834,0.27406101714527575
247,-95.0,70.0,0.1336038421960145,0.2654805763095967
248,-90.0,70.0,0.12558927686704313,0.2567371773131035
249,-85.0,70.0,0.3917623683979133,0.24784329826745388
250,-80.0,70.0,0.6658360159094334,0.23887345576456365
251,-75.0,70.0,0.9482949004684558,0.22992494726525312
252,-70.0,70.0,1.238999827402647,0.22110914761384445
253,-65.0,70.0,1.537030290808873,0.21254137571541273
254,-60.0,70.0,1.8405883960645908,0.20433112490717453
255,-55.0,70.0,2.1469718894205942,0.1965746138839339
256,-50.0,70.0,2.4526007096195346,0.18935160010160457
257,-45.0,70.0,2.753104528808672,0.18272446122441674
258,-40.0,70.0,3.043471654014205,0.1767388397657015
259,-35.0,70.0,3.3182979929106247,0.17142297230051637
260,-30.0,70.0,3.571830443908329,0.16679942766766168
261,-25.0,70.0,3.798425719334363,0.16287731900806154
262,-20.0,70.0,3.99255543326509,0.15966591927243423
263,-15.0,70.0,4.149328260307832,0.15716605736864273
264,-10.0,70.0,4.264570387336605,0.15537883692165727
265,-5.0,70.0,4.335072011669771,0.15430562814478685
266,0.0,70.0,4.358808205876333,0.1539474999267
267,5.0,70.0,4.399867736704623,0.1533327389381241
268,10.0,70.0,4.525175419087944,0.15148648373528179
269,15.0,70.0,4.741384544464812,0.14840364447247167
270,20.0,70.0,5.060641535984483,0.14407391773775932
271,25.0,70.0,5.50253176073861,0.1384780065008728
272,30.0,70.0,6.097671841714084,0.13158242808719348
273,35.0,70.0,6.894431018105872,0.12333210612700732
274,40.0,70.0,7.97219136247284,0.11363939500825913
275,45.0,70.0,9.469819209971206,0.10236645486690622
276,50.0,70.0,11.654650323010502,0.08929384593545114
277,55.0,70.0,15.121689551659674,0.0740570833086754
278,60.0,70.0,21.552551353241896,0.0559946898316475
279,65.0,70.0,38.65306177636374,0.03366020155010073
280,70.0,70.0,98424.82573559717,-1.4223713311024511e-05
281,75.0,70.0,43.63730978836273,-0.034380547739710964
282,80.0,70.0,27.385346178647495,-0.05853259976854109
283,85.0,70.0,21.53747055160784,-0.07942094881114303
284,90.0,70.0,18.5428369632138,-0.09834764495180338
285,95.0,70.0,16.757445336799346,-0.11591794511032198
286,100.0,70.0,15.604075984458992,-0.13247420296703333
287,-100.0,65.0,0.7371599878186755,0.2637671270595722
288,-95.0,65.0,0.4794586610918707,0.25539070553728027
289,-90.0,65.0,0.22164038331834748,0.24691425794528782
290,-85.0,65.0,0.042214829100245314,0.23827327372583632
291,-80.0,65.0,0.31318406155732104,0.22951199959395585
292,-75.0,65.0,0.5921626643040271,0.22070282046663783
293,-70.0,65.0,0.8795617684805314,0.211941222822437
294,-65.0,65.0,1.175126201081337,0.2033372723430654
295,-60.0,65.0,1.4777397436694475,0.1950056291200575
296,-55.0,65.0,1.7852955197906943,0.1870561161189308
297,-50.0,65.0,2.0946388593933443,0.17958657146767434
298,-45.0,65.0,2.4015864552337827,0.17267886161802104
299,-40.0,65.0,2.701021035293593,0.1663978561956723
300,-35.0,65.0,2.987112901137294,0.16078979826536371
301,-30.0,65.0,3.2534810329919535,0.1558889277356326
302,-25.0,65.0,3.493500106049575,0.15171915161327504
303,-20.0,65.0,3.7007071379455967,0.14829378334434903
304,-15.0,65.0,3.869064413607781,0.14562270763192678
305,-10.0,65.0,3.993365691971148,0.14371218290654597
306,-5.0,65.0,4.069638194511948,0.14256456097334796
307,0.0,65.0,4.095359172506786,0.14218145301806104
308,5.0,65.0,4.139886302994472,0.14152415009003816
309,10.0,65.0,4.2761489296668955,0.13954941963205164
310,15.0,65.0,4.512576699303737,0.13625008043412895
311,20.0,65.0,4.864795173887815,0.13161179050402785
312,25.0,65.0,5.358629064587093,0.12560769792192586
313,30.0,65.0,6.03591400877863,0.11819080873129205
314,35.0,65.0,6.966104083251148,0.10928262990854118
315,40.0,65.0,8.271286955270158,0.09875530499435857
316,45.0,65.0,10.18682074388126,0.08640038760452666
317,50.0,65.0,13.236263739729399,0.0718663263067127
318,55.0,65.0,18.896769846140806,0.054508612273325624
319,60.0,65.0,33.92183436249017,0.03290132678280997
320,65.0,65.0,120832.26790410753,-9.989985441234743e-06
321,70.0,65.0,38.57385109344429,-0.03372906095330654
322,75.0,65.0,24.37512429910396,-0.05734483951906223
323,80.0,65.0,19.267917073911157,-0.07782222782274928
324,85.0,65.0,16.662805850146448,-0.09642406617957017
325,90.0,65.0,15.120734425106996,-0.11372835539193672
326,95.0,65.0,14.135174737511688,-0.13006084848476143
327,100.0,65.0,13.480011239608926,-0.14562710752231223
328,-100.0,60.0,1.0909235372472341,0.25335326106011813
329,-95.0,60.0,0.8336135410257862,0.24507609117148477
330,-90.0,60.0,0.5763754854410442,0.23678699838739192
331,-85.0,60.0,0.31386894485130673,0.2283539498403821
332,-80.0,60.0,0.045019249556977954,0.21979213914884496
333,-75.0,60.0,0.23130307214843926,0.2111450003201085
334,-70.0,60.0,0.5158184709402827,0.2024839832434914
335,-65.0,60.0,0.8088850863075798,0.19390376093871114
336,-60.0,60.0,1.1100771909517186,0.18551376822753754
337,-55.0,60.0,1.4180008691088448,0.17742841576166235
338,-50.0,60.0,1.7301226483385694,0.16975790150417883
339,-45.0,60.0,2.042678550791291,0.16260123860459044
340,-40.0,60.0,2.3506781609638128,0.1560422563999082
341,-35.0,60.0,2.648041133459175,0.15014689775133672
342,-30.0,60.0,2.9277930829825562,0.14496566841250638
343,-25.0,60.0,3.182352985535801,0.14053731470414105
344,-20.0,60.0,3.404077793137797,0.13688596261489266
345,-15.0,60.0,3.585566858431402,0.13403175962830988
346,-10.0,60.0,3.7203849229898167,0.13198533615568023
347,-5.0,60.0,3.8034629849795185,0.13075409077253475
348,0.0,60.0,3.831540775170014,0.13034272495772228
349,5.0,60.0,3.8801979813272904,0.12963722799504765
350,10.0,60.0,4.029623302974122,0.12751641079743947
351,15.0,60.0,4.2907524951646785,0.12396946192104596
352,20.0,60.0,4.684243098448572,0.11897560455823283
353,25.0,60.0,5.245333920766997,0.1124964103512173
354,30.0,60.0,6.033840486332298,0.10446409383997542
355,35.0,60.0,7.155902009741886,0.09476309291021999
356,40.0,60.0,8.81681458859989,0.083198614348059
357,45.0,60.0,11.473414276726379,0.06943464486432246
358,50.0,60.0,16.413184571008113,0.052845484556826715
359,55.0,60.0,29.517586935108255,0.03202393778399557
360,60.0,60.0,154080.42589934004,-6.675372919632598e-06
361,65.0,60.0,33.8405506964964,-0.03297985132861783
362,70.0,60.0,21.543361783951305,-0.05601882898276034
363,75.0,60.0,17.129706486595328,-0.07604339596950903
364,80.0,60.0,14.889799964178842,-0.0942869357785131
365,85.0,60.0,13.575659795504215,-0.11130002244411007
366,90.0,60.0,12.747098605158838,-0.1273901080302074
367,95.0,60.0,12.207262912850755,-0.14275054228201806
368,100.0,60.0,11.854259610690606,-0.15751268793742035
369,-100.0,55.0,1.4525197613997713,0.243060623634287
370,-95.0,55.0,1.1963085240438185,0.23476814003747687
371,-90.0,55.0,0.9396854286040105,0.22655603211912664
372,-85.0,55.0,0.6781617880369353,0.2182438149195136
373,-80.0,55.0,0.410802179605346,0.2098241422399055
374,-75.0,55.0,0.13656589936522695,0.20131384414047862
375,-70.0,55.0,0.14562675747026022,0.19275778431691926
376,-65.0,55.0,0.43639157751981544,0.18422842980527343
377,-60.0,55.0,0.7359872658771317,0.17582099084114217
378,-55.0,55.0,1.043745629986999,0.16764515262747307
379,-50.0,55.0,1.3578847401534184,0.15981561421266988
380,-45.0,55.0,1.6752761469047968,0.15244324461603914
381,-40.0,55.0,1.9913114364029438,0.14562831412547098
382,-35.0,55.0,2.299904724547253,0.13945575399215315
383,-30.0,55.0,2.5936175190617283,0.1339949286060793
384,-25.0,55.0,2.863947617730752,0.12930102891676973
385,-20.0,55.0,3.1018873080069684,0.1254135898484825
386,-15.0,55.0,3.298450419970757,0.12236359804813063
387,-10.0,55.0,3.4455525664744893,0.12017062866359134
388,-5.0,55.0,3.536651081268628,0.11884940943347148
389,0.0,55.0,3.567522245833322,0.11840757558164354
390,5.0,55.0,3.6211015190165465,0.11764974582948363
391,10.0,55.0,3.7864442265077627,0.11536762696859074
392,15.0,55.0,4.078313860416875,0.11153872922173264
393,20.0,55.0,4.524956093381203,0.10613244230363336
394,25.0,55.0,5.17657400873409,0.09909334068687224
395,30.0,55.0,6.124049513257521,0.09032007947097913
396,35.0,55.0,7.544462003777577,0.07963444129499272
397,40.0,55.0,9.832692906972508,0.06671909026745966
398,45.0,55.0,14.101749041209516,0.05096944741045968
399,50.0,55.0,25.44249604952943,0.030996912319409455
400,55.0,55.0,206312.56148230575,-4.189088903567589e-06
401,60.0,55.0,29.43805910228271,-0.03210960806503884
402,65.0,55.0,18.886190874508056,-0.05453927532199502
403,70.0,55.0,15.119113068690591,-0.07407020117081987
404,75.0,55.0,13.220938323779231,-0.09191956219116951
405,80.0,55.0,12.120076089097719,-0.1086130530222867
406,85.0,55.0,11.438241298931791,-0.12443926364585148
407,90.0,55.0,11.006027861200902,-0.13957803848278405
408,95.0,55.0,10.73562086292546,-0.15415108929593452
409,100.0,55.0,10.576708722043207,-0.16824576376193745
410,-100.0,50.0,1.8194364060922723,0.23313033273495118
411,-95.0,50.0,1.565874498442519,0.22471837060562908
412,-90.0,50.0,1.3108919689296141,0.21646509516704165
413,-85.0,50.0,1.050943158686211,0.20816394605499536
414,-80.0,50.0,0.7852971395943673,0.1997948078925476
415,-75.0,50.0,0.5130287220883862,0.1913546435147614
416,-70.0,50.0,0.2331128746071886,0.18286429029625734
417,-65.0,50.0,0.05562947422909821,0.1743722083911836
418,-60.0,50.0,0.3533732931938181,0.16595392038339657
419,-55.0,50.0,0.6605393726365837,0.15770689183265152
420,-50.0,50.0,0.9760529662314364,0.1497424998793292
421,-45.0,50.0,1.2975875530398584,0.14217683362883002
422,-40.0,50.0,1.6211721489729058,0.13512202608112606
423,-35.0,50.0,1.9409964075632167,0.12867996599177975
424,-30.0,50.0,2.2493838024627855,0.12293876838327994
425,-25.0,50.0,2.536988777088159,0.11797178756981389
426,-20.0,50.0,2.793324678575047,0.11383612127076716
427,-15.0,50.0,3.007475170460564,0.11057691286683081
428,-10.0,50.0,3.169199619040473,0.10822606307335612
429,-5.0,50.0,3.2699981310894097,0.10680671933271872
430,0.0,50.0,3.3042747716139576,0.10633146995692044
431,5.0,50.0,3.363889782845644,0.10551590641330737
432,10.0,50.0,3.5490002125323716,0.1030548813745557
433,15.0,50.0,3.88000802956285,0.09891084506819073
434,20.0,50.0,4.397660999266186,0.09302491789792007
435,25.0,50.0,5.177982790105108,0.08531318821156325
436,30.0,50.0,6.371390178303459,0.07562018922733
437,35.0,50.0,8.315595879453042,0.06365088789025337
438,40.0,50.0,11.964617926126188,0.048825397887141665
439,45.0,50.0,21.699167941666683,0.029778468201931158
440,50.0,50.0,295985.360533074,-2.4131757622979587e-06
441,55.0,50.0,25.368823003102953,-0.03108565328302643
442,60.0,50.0,16.4015939642181,-0.05288269521739535
443,65.0,50.0,13.233088045483022,-0.07188403718626801
444,70.0,50.0,11.65354309894846,-0.0893030025103465
445,75.0,50.0,10.751895539139763,-0.10564591250231958
446,80.0,50.0,10.207031098365865,-0.12118376760071033
447,85.0,50.0,9.875128091749488,-0.13608247324295816
448,90.0,50.0,9.681567491866454,-0.15045307778967484
449,95.0,50.0,9.583541552303489,-0.16437489500282995
450,100.0,50.0,9.5546253223065,-0.17790739398110178
451,-100.0,45.0,2.1872259796174705,0.22377574044342452
452,-95.0,45.0,1.9385112405109204,0.21516352210445466
453,-90.0,45.0,1.6871235136183989,0.20676374236043696
454,-85.0,45.0,1.4303709823125113,0.1983641444673673
455,-80.0,45.0,1.1676859160974513,0.18994069522003668
456,-75.0,45.0,0.8982937824680186,0.18147900095721278
457,-70.0,45.0,0.6212296364527333,0.17298202003852434
458,-65.0,45.0,0.3354341537842759,0.16447675664678377
459,-60.0,45.0,0.040269010736595424,0.1560176858729222
460,-55.0,45.0,0.26612554246403025,0.14768572043126127
461,-50.0,45.0,0.5821512880959351,0.1395827957405571
462,-45.0,45.0,0.9069871341880462,0.13182402736177146
463,-40.0,45.0,1.237530538825566,0.12452858743838013
464,-35.0,45.0,1.5685782836424769,0.11781173582884157
465,-30.0,45.0,1.892531204569766,0.11177897203904959
466,-25.0,45.0,2.199368244884147,0.10652259465722988
467,-20.0,45.0,2.477038398356053,0.10211903536473066
468,-15.0,45.0,2.712266528147849,0.0986309722583177
469,-10.0,45.0,2.891973651533726,0.09610535846290874
470,-5.0,45.0,3.004918633579331,0.09457638917180788
471,0.0,45.0,3.0434952431898887,0.09406374756915846
472,5.0,45.0,3.1107881062067535,0.09318311218630158
473,10.0,45.0,3.3214424218216427,0.09051941290816297
474,15.0,45.0,3.7047796758829756,0.0860128202877301
475,20.0,45.0,4.322711848576668,0.0795624295734129
476,25.0,45.0,5.301418655555741,0.07101826543975083
477,30.0,45.0,6.9255903397043275,0.060124311686996314
478,35.0,45.0,10.005467195503627,0.04633335917928062
479,40.0,45.0,18.287940047049908,0.02831665944173447
480,45.0,45.0,475995.9462627009,-1.2154586952159267e-06
481,50.0,45.0,21.635074127816875,-0.02986492441475719
482,55.0,45.0,14.089759792105186,-0.05101222994042762
483,60.0,45.0,11.469694489279767,-0.06945744485989606
484,65.0,45.0,10.185382887041795,-0.08641329218257461
485,70.0,45.0,9.469198844051778,-0.10237401670830183
486,75.0,45.0,9.051976911867774,-0.11759660443504096
487,80.0,45.0,8.813456209759451,-0.13223409021829727
488,85.0,45.0,8.691293390670978,-0.14638660649212937
489,90.0,45.0,8.649709981953423,-0.1601246106519074
490,95.0,45.0,8.666592125263703,-0.17350060349418633
491,100.0,45.0,8.727479284973638,-0.1865554648905303
492,-100.0,40.0,2.549697471846527,0.2151665502414489
493,-95.0,40.0,2.308343792873289,0.20630225304890618
494,-90.0,40.0,2.0631445864073026,0.1976775703249155
495,-85.0,40.0,1.812069426197838,0.18908882865933838
496,-80.0,40.0,1.5546195988365281,0.18051403359995624
497,-75.0,40.0,1.2901180118173547,0.1719350381403996
498,-70.0,40.0,1.017675631769866,0.163344342106489
499,-65.0,40.0,0.7362056572694947,0.15475235033059717
500,-60.0,40.0,0.4445190009905712,0.14619447534820243
501,-55.0,40.0,0.14164873881752732,0.1377339152863533
502,-50.0,40.0,0.17384228103129198,0.1294598240372995
503,-45.0,40.0,0.5003294568495561,0.1214815642338586
504,-40.0,40.0,0.8366290548038733,0.11392070860184153
505,-35.0,40.0,1.1784786943902639,0.10690231128579548
506,-30.0,40.0,1.5188146824089919,0.10054751972069774
507,-25.0,40.0,1.8472775307207512,0.09496783784636849
508,-20.0,40.0,2.1502449665244003,0.09026117978840781
509,-15.0,40.0,2.4115655071218516,0.08651100226596523
510,-10.0,40.0,2.614292565462646,0.08378301018242981
511,-5.0,40.0,2.743146723590202,0.08212616348787148
512,0.0,40.0,2.787418256283526,0.08156983044563566
513,5.0,40.0,2.8649775910907915,0.08061258829445991
514,10.0,40.0,3.1105242380863345,0.07770885309574105
515,15.0,40.0,3.568726266742608,0.07276537464507402
516,20.0,40.0,4.341575100154665,0.06561593592169551
517,25.0,40.0,5.667587611185434,0.05598899736186
518,30.0,40.0,8.227977103638901,0.043386705550592666
519,35.0,40.0,15.203828202850294,0.026552894979131717
520,40.0,40.0,988131.691715982,-4.62618280307692e-07
521,45.0,40.0,18.23608237551707,-0.028394966812371594
522,50.0,40.0,11.953025804653029,-0.04887150006972222
523,55.0,40.0,9.828585458402989,-0.06674683527747381
524,60.0,40.0,8.815042109269434,-0.08321592486579824
525,65.0,40.0,8.270444891357782,-0.09876631442697092
526,70.0,40.0,7.971774694444591,-0.11364642069142447
527,75.0,40.0,7.820030198266466,-0.12799951497837067
528,80.0,40.0,7.764112392013812,-0.14191595964018805
529,85.0,40.0,7.774764188908448,-0.15545727752852787
530,90.0,40.0,7.833909198846071,-0.16866831418719713
531,95.0,40.0,7.929711712361426,-0.18158369785718587
532,100.0,40.0,8.054063441335545,-0.19423137569217275
533,-100.0,35.0,2.899277264527078,0.20742563253282312
534,-95.0,35.0,2.6677049543066604,0.19828638350765698
535,-90.0,35.0,2.4314872712148015,0.1893902628057914
536,-85.0,35.0,2.1890253424229216,0.18055116919259478
537,-80.0,35.0,1.9398049847687724,0.17175140721214963
538,-75.0,35.0,1.6831611165277005,0.16297411650164131
539,-70.0,35.0,1.4182370068888959,0.1542072702471034
540,-65.0,35.0,1.1439404178522774,0.14545026303894648
541,-60.0,35.0,0.858921588899214,0.13672331066564078
542,-55.0,35.0,0.5616880119646259,0.12807309150613946
543,-50.0,35.0,0.2509394003866199,0.11957452560183514
544,-45.0,35.0,0.07577228039497846,0.11132819832377056
545,-40.0,35.0,0.41436365440538614,0.10345428807713886
546,-35.0,35.0,0.7651912913091152,0.09608451401677569
547,-30.0,35.0,1.1218058511647806,0.08935398353155356
548,-25.0,35.0,1.47418664876675,0.08339396549217126
549,-20.0,35.0,1.8074298888208742,0.07832650371540337
550,-15.0,35.0,2.101972063096688,0.07426023912810047
551,-10.0,35.0,2.3354317254711363,0.07128540277467119
552,-5.0,35.0,2.486229636844407,0.0694712625369817
553,0.0,35.0,2.5384857279405635,0.06886100778480218
554,5.0,35.0,2.630625787367828,0.06780861738346446
555,10.0,35.0,2.9273072048700426,0.06460419457432531
556,15.0,35.0,3.502936921261738,0.05910212805837931
557,20.0,35.0,4.549493247800556,0.05102448068378788
558,25.0,35.0,6.634080232221025,0.039856343471827836
559,30.0,35.0,12.434086455577868,0.024428815001252685
560,35.0,35.0,11068278.387625687,-3.162079801108069e-08
561,40.0,35.0,15.165271674834806,-0.026617885008283847
562,45.0,35.0,9.995117994877376,-0.04637928018581062
563,50.0,35.0,8.311364655060128,-0.06368243580937304
564,55.0,35.0,7.542403787418133,-0.07965634557561871
565,60.0,35.0,7.154817914201982,-0.09477832281287339
566,65.0,35.0,6.965516177185986,-0.10929310899886976
567,70.0,35.0,6.8941133639004,-0.12333917813474177
568,75.0,35.0,6.899532415747053,-0.1370002581380582
569,80.0,35.0,6.958442057172363,-0.1503302735511328
570,85.0,35.0,7.056499119958462,-0.16336650888870585
571,90.0,35.0,7.1843272729428005,-0.1761367633483806
572,95.0,35.0,7.335493695834988,-0.18866322188967077
573,100.0,35.0,7.505413907801152,-0.2009645069064507
574,-100.0,30.0,3.227447913237948,0.20063552705946583
575,-95.0,30.0,3.00760164141265,0.1912218250939409
576,-90.0,30.0,2.7828339818949184,0.18203894201936252
577,-85.0,30.0,2.5518246787387913,0.17292009067994416
578,-80.0,30.0,2.3139915243443907,0.16385278387976412
579,-75.0,30.0,2.0686405225857687,0.1548226650855131
580,-70.0,30.0,1.8148982542572891,0.14581739501126
581,-65.0,30.0,1.5516669621154013,0.13683001685854662
582,-60.0,30.0,1.2774985636394482,0.12786938618314977
583,-55.0,30.0,0.9905689531594326,0.11896781368685712
584,-50.0,30.0,0.6887935529686517,0.11018591605398181
585,-45.0,30.0,0.3701981602620004,0.10161347506460354
586,-40.0,30.0,0.03697706171579978,0.09336616921851933
587,-35.0,30.0,0.3231315585343808,0.08557935574630023
588,-30.0,30.0,0.6931039527562985,0.07840029633352892
589,-25.0,30.0,1.0700069071847083,0.07198075982728828
590,-20.0,30.0,1.4386919750084766,0.06647014923378784
591,-15.0,30.0,1.7760658414629598,0.06200892148785742
592,-10.0,30.0,2.052126561378855,0.058720753754784874
593,-5.0,30.0,2.2348972488320484,0.05670457171152408
594,0.0,30.0,2.299088097564616,0.05602461179146403
595,5.0,30.0,2.413437355598341,0.054848572987984574
596,10.0,30.0,2.7919602382732442,0.05124828580699756
597,15.0,30.0,3.5774003676599713,0.0449883249588105
598,20.0,30.0,5.226846560042191,0.03557385828618276
599,25.0,30.0,9.9587613634984,0.02189239440937179
600,30.0,30.0,1413622.7848074047,1.81896704412844e-07
601,35.0,30.0,12.408167961269694,-0.024477287104562827
602,40.0,30.0,8.219572544860009,-0.04342824185374544
603,45.0,30.0,6.921577044407007,-0.06015732738260423
604,50.0,30.0,6.369162323107957,-0.07564601623770659
605,55.0,30.0,6.122735659225111,-0.09033990542834705
606,60.0,30.0,6.033054553025244,-0.10447891030739519
607,65.0,30.0,6.035450206081832,-0.11820152881168494
608,70.0,30.0,6.09740728476812,-0.13158991555225602
609,75.0,30.0,6.200775603615668,-0.1446938063895705
610,80.0,30.0,6.3345658428973275,-0.15754453103231997
611,85.0,30.0,6.491666648256497,-0.17016334347011483
612,90.0,30.0,6.66721751712947,-0.18256619750913808
613,95.0,30.0,6.857747471392454,-0.19476630231868847
614,100.0,30.0,7.0606920066023315,-0.2067753617953174
615,-100.0,25.0,3.525220356219981,0.19484896847179997
616,-95.0,25.0,3.31827553098632,0.18517675477883316
617,-90.0,25.0,3.1065804278866205,0.17571952653743478
618,-85.0,25.0,2.8891857761630657,0.16631957441011808
619,-80.0,25.0,2.665372336620173,0.15697328269437505
620,-75.0,25.0,2.4344582931124488,0.1476675566225332
621,-70.0,25.0,2.195579500151168,0.13839064450002644
622,-65.0,25.0,1.9476639730612186,0.1291328671912091
623,-60.0,25.0,1.6892772630653097,0.11989455015947127
624,-55.0,25.0,1.4184473735692686,0.11069572004963146
625,-50.0,25.0,1.132581039047626,0.10158310372598459
626,-45.0,25.0,0.8285342688868426,0.09263412624392645
627,-40.0,25.0,0.5029919221413188,0.08395691803645185
628,-35.0,25.0,0.15402510365153158,0.07568678106169714
629,-30.0,25.0,0.2247000763197334,0.06798045152850052
630,-25.0,25.0,0.6211230587354422,0.06100958564896369
631,-20.0,25.0,1.0277594015088096,0.05495432577007756
632,-15.0,25.0,1.4193374156308518,0.04999545548612688
633,-10.0,25.0,1.7560919484129167,0.04630324577488247
634,-5.0,25.0,1.9882568623027659,0.044021861912961556
635,0.0,25.0,2.071676875666642,0.04324945413421454
636,5.0,25.0,2.2229193202600066,0.04190845705665588
637,10.0,25.0,2.7493919964203988,0.03776926499490374
638,15.0,25.0,3.9980654050815003,0.030426575155463466
639,20.0,25.0,7.756878852674479,0.018893283828735844
640,25.0,25.0,689197.3200631004,2.590903670141916e-07
641,30.0,25.0,9.943903452391046,-0.021922826733900592
642,35.0,25.0,6.628070646791344,-0.039889180483769576
643,40.0,25.0,5.664145000816918,-0.05602012302790053
644,45.0,25.0,5.29920150851383,-0.07104617744108935
645,50.0,25.0,5.176500079883001,-0.08533715044996386
646,55.0,25.0,5.175586299531711,-0.09911298542977681
647,60.0,25.0,5.244693482617997,-0.11251176397544894
648,65.0,25.0,5.358230770114307,-0.1256191435588787
649,70.0,25.0,5.502297304450672,-0.13848615843796577
650,75.0,25.0,5.668750740841136,-0.15114204558091315
651,80.0,25.0,5.852481914922413,-0.1636034734151203
652,85.0,25.0,6.050071301421661,-0.17588067727832288
653,90.0,25.0,6.259095896396991,-0.18798111424573583
654,95.0,25.0,6.477758134821374,-0.19991135548057065
655,100.0,25.0,6.704678816646951,-0.21167787566957036
656,-100.0,20.0,3.783792785020808,0.19009146733393173
657,-95.0,20.0,3.5897209820030187,0.18019656113795496
658,-90.0,20.0,3.3916270546550633,0.1704920852897432
659,-85.0,20.0,3.1887172450251153,0.16083655336600314
660,-80.0,20.0,2.9803692951914638,0.15122574319573628
661,-75.0,20.0,2.765880501779964,0.14165231624576433
662,-70.0,20.0,2.544542631318684,0.1321024691019479
663,-65.0,20.0,2.3154231806608894,0.12256538699730132
664,-60.0,20.0,2.0772906202791126,0.11303534121734288
665,-55.0,20.0,1.8283514743911866,0.10352155185778843
666,-50.0,20.0,1.5659714260859205,0.09405729891149361
667,-45.0,20.0,1.2864427470034168,0.08470630867153676
668,-40.0,20.0,0.9848753047499452,0.07556587222119858
669,-35.0,20.0,0.6554078405308267,0.06676653694665895
670,-30.0,20.0,0.2924415030800324,0.058469454420632366
671,-25.0,20.0,0.1161796024212215,0.050862860774906385
672,-20.0,20.0,0.5505344171148875,0.044158391271041444
673,-15.0,20.0,1.0046134795787804,0.03858533486764753
674,-10.0,20.0,1.4282311944707264,0.034377723657126144
675,-5.0,20.0,1.7418874055130624,0.03174904870292126
676,0.0,20.0,1.8594791743599555,0.030853700182447423
677,5.0,20.0,2.0800097772971053,0.029291341774526962
678,10.0,20.0,2.9333792479043304,0.02440584428615232
679,15.0,20.0,5.788771123688521,0.01543799280201781
680,20.0,20.0,444125.88395074825,2.5731641905975337e-07
681,25.0,20.0,7.750371243423854,-0.018907367899715418
682,30.0,20.0,5.223405262102132,-0.035593993074456785
683,35.0,20.0,4.5470225415730985,-0.051048521338013464
684,40.0,20.0,4.339641810856338,-0.06564206753144763
685,45.0,20.0,4.321193179610421,-0.07958853560307579
686,50.0,20.0,4.396508234871469,-0.09304896623035176
687,55.0,20.0,4.524126716032573,-0.1061529641894443
688,60.0,20.0,4.683677553083691,-0.1189920669984382
689,65.0,20.0,4.864432122660338,-0.13162426826310109
690,70.0,20.0,5.060424163142579,-0.14408289582757788
691,75.0,20.0,5.268166513339754,-0.1563845084873529
692,80.0,20.0,5.485483736201417,-0.1685360271708562
693,85.0,20.0,5.710906818657504,-0.18053995473018009
694,90.0,20.0,5.943362699039201,-0.19239756101978198
695,95.0,20.0,6.182017400537787,-0.20411046462067883
696,100.0,20.0,6.426196754931683,-0.2156811761476487
697,-100.0,15.0,3.994795919914429,0.1863835375757333
698,-95.0,15.0,3.8124987018648597,0.1763049032880678
699,-90.0,15.0,3.6270582165795626,0.16639746164540756
700,-85.0,15.0,3.437982064638664,0.15652647336446357
701,-80.0,15.0,3.2447273044063616,0.14669019624593543
702,-75.0,15.0,3.0467918372840783,0.1368804804935857
703,-70.0,15.0,2.843615918567915,0.1270867355696879
704,-65.0,15.0,2.6346550125802852,0.11729351979577478
705,-60.0,15.0,2.4191220122817554,0.10749077692414644
706,-55.0,15.0,2.195804664959504,0.09767912117019913
707,-50.0,15.0,1.9627164384802998,0.08787899913804964
708,-45.0,15.0,1.7166338054798809,0.07813964503507662
709,-40.0,15.0,1.4525659630166505,0.06854460385174103
710,-35.0,15.0,1.1631437905104702,0.059214372260180316
711,-30.0,15.0,0.8380491046842387,0.05030723295168821
712,-25.0,15.0,0.46421530302729735,0.04202020258910083
713,-20.0,15.0,0.04850862656038072,0.034591212015867734
714,-15.0,15.0,0.48359401065777124,0.02830063719627505
715,-10.0,15.0,1.022636204493556,0.02346309015418158
716,-5.0,15.0,1.4803945605468183,0.020393700110436185
717,0.0,15.0,1.6680085554289734,0.01933883963589321
718,5.0,15.0,2.048035817207973,0.01748493214627674
719,10.0,15.0,4.018065029665646,0.011566284658022216
720,15.0,15.0,301937.93368449906,2.1290053609369827e-07
721,20.0,15.0,5.7865470408538915,-0.015442701396323503
722,25.0,15.0,3.9964352802568874,-0.030436057228824403
723,30.0,15.0,3.5758994996976807,-0.045003155292302456
724,35.0,15.0,3.5014978940011834,-0.05912218504794441
725,40.0,15.0,3.5673812503676783,-0.07278936644850968
726,45.0,15.0,3.7035899281000617,-0.08603850199793439
727,50.0,15.0,3.8790262856371873,-0.09893569829224315
728,55.0,15.0,4.077563148922758,-0.11156070318650305
729,60.0,15.0,4.290224020224201,-0.12398735236111352
730,65.0,15.0,4.512230972499358,-0.1362637593419449
731,70.0,15.0,4.741175810660163,-0.14841353335218493
732,75.0,15.0,4.975814603560738,-0.16044550361664253
733,80.0,15.0,5.21547235306124,-0.17236014587232137
734,85.0,15.0,5.459727973745599,-0.18415457106584965
735,90.0,15.0,5.708263631117119,-0.19582559383638404
736,95.0,15.0,5.960802680318452,-0.20737119890836722
737,100.0,15.0,6.21709014599144,-0.2187909563068226
738,-100.0,10.0,4.151166200962164,0.18372969680627432
739,-95.0,10.0,3.9782397027796548,0.17351841378779
740,-90.0,10.0,3.8031577454258305,0.1634584859873901
741,-85.0,10.0,3.6255142948830756,0.15342674605978218
742,-80.0,10.0,3.4450376377876455,0.14341756482823828
743,-75.0,10.0,3.2613449690059255,0.13342650970790523
744,-70.0,10.0,3.0742654185653717,0.1234390748030016
745,-65.0,10.0,2.8836002248751105,0.11344146439204605
746,-60.0,10.0,2.6892361154400835,0.10341785797094255
747,-55.0,10.0,2.4908851647571217,0.09336101897642592
748,-50.0,10.0,2.287792007471992,0.0832811744948787
749,-45.0,10.0,2.078329691546462,0.073214249958869
750,-40.0,10.0,1.8593969015564633,0.06322909856385844
751,-35.0,10.0,1.6254859742611971,0.05343250634625028
752,-30.0,10.0,1.3671042087168457,0.04397276533359562
753,-25.0,10.0,1.0679499254471203,0.035044882532803655
754,-20.0,10.0,0.7003239973792085,0.02690041730018021
755,-15.0,10.0,0.22340119232073496,0.01986153308420648
756,-10.0,10.0,0.4244524376394123,0.014328166350198018
757,-5.0,10.0,1.1404820731303247,0.010746725804354387
758,0.0,10.0,1.5075284226189887,0.009500744004438202
759,5.0,10.0,2.452648109855128,0.007289278703008137
760,10.0,10.0,195466.39715894999,1.4616285739067745e-07
761,15.0,10.0,4.017448573418408,-0.011567310255268826
762,20.0,10.0,2.932687219626444,-0.02440923862684611
763,25.0,10.0,2.748556993193128,-0.03777670706134913
764,30.0,10.0,2.7909827441343698,-0.05126119543320592
765,35.0,10.0,2.926230818932058,-0.06462296845486415
766,40.0,10.0,3.1094233101996602,-0.07773247657724676
767,45.0,10.0,3.3204038541888266,-0.09054565845734477
768,50.0,10.0,3.5481010850799013,-0.1030809905375534
769,55.0,10.0,3.785732231984382,-0.11539115591675772
770,60.0,10.0,4.0291079606261695,-0.12753585713623702
771,65.0,10.0,4.275808059551525,-0.13956435041287016
772,70.0,10.0,4.524968893724352,-0.15149729495389902
773,75.0,10.0,4.776427834686389,-0.1633391497076827
774,80.0,10.0,5.030273299306945,-0.17508634450668084
775,85.0,10.0,5.286640662005791,-0.186732418485103
776,90.0,10.0,5.54562704593624,-0.1982711523915455
777,95.0,10.0,5.807270567763381,-0.20969802127859524
778,100.0,10.0,6.071558376080043,-0.22101054979093135
779,-100.0,5.0,4.247365873098507,0.18213464343311064
780,-95.0,5.0,4.080479485598677,0.17184320506380724
781,-90.0,5.0,3.9121377047551755,0.16169096831554738
782,-85.0,5.0,3.7421007190439797,0.1515580167184276
783,-80.0,5.0,3.5701394814429643,0.14144252249648231
784,-75.0,5.0,3.3961669958444873,0.13133561957517698
785,-70.0,5.0,3.2201755508055414,0.1212260177311062
786,-65.0,5.0,3.0424020929192537,0.11109635790499099
787,-60.0,5.0,2.8633032970028496,0.10092819490024053
788,-55.0,5.0,2.6834232860302314,0.09071034837692225
789,-50.0,5.0,2.5033114039583104,0.08044503599616613
790,-45.0,5.0,2.323266965005843,0.07015809442171808
791,-40.0,5.0,2.143043962926417,0.059906850901094585
792,-35.0,5.0,1.9614357829982594,0.0497857080513195
793,-30.0,5.0,1.7754822555803311,0.03993109080923031
794,-25.0,5.0,1.57856265714587,0.03052918151410485
795,-20.0,5.0,1.3551255247337097,0.0218314613014104
796,-15.0,5.0,1.0646009970208794,0.014181496766977617
797,-10.0,5.0,0.5899858051525176,0.008043995788759608
798,-5.0,5.0,0.38077923529183166,0.003991536404313216
799,0.0,5.0,1.3956126181867576,0.002563164446452952
800,5.0,5.0,106113.81067543184,6.73086328427095e-08
801,10.0,5.0,2.4524716898119423,-0.00728936044628451
802,15.0,5.0,2.0477233441930425,-0.017485811636119637
803,20.0,5.0,2.0795339193275137,-0.029294372130741177
804,25.0,5.0,2.2222614204967,-0.041915506321342146
805,30.0,5.0,2.4126064367275517,-0.05486128172004629
806,35.0,5.0,2.6296641780403904,-0.06782758810415516
807,40.0,5.0,2.863957867495653,-0.08063691932582713
808,45.0,5.0,3.109798937254546,-0.09321054237233393
809,50.0,5.0,3.3630137306678987,-0.10554352437574555
810,55.0,5.0,3.62039396345588,-0.1176749042335008
811,60.0,5.0,3.8796771426986494,-0.12965821155876384
812,65.0,5.0,4.1395398713404425,-0.1415402809821514
813,70.0,5.0,4.399657653184421,-0.15334441564188783
814,75.0,5.0,4.6603501239517735,-0.16507301249878445
815,80.0,5.0,4.922063983186061,-0.1767203039587526
816,85.0,5.0,5.185204954379043,-0.188277788273148
817,90.0,5.0,5.450077086054759,-0.19973747456322086
818,95.0,5.0,5.716878679165184,-0.21109335803653168
819,100.0,5.0,5.98572212457125,-0.2223417521192604
820,-100.0,0.0,4.27984170904205,0.18160228263086797
821,-95.0,0.0,4.115041435833576,0.17128418071999463
822,-90.0,0.0,3.949038676497317,0.16110104075338944
823,-85.0,0.0,3.7816607635338455,0.1509339353465878
824,-80.0,0.0,3.6127003006430964,0.14078219244934664
825,-75.0,0.0,3.4421735031534575,0.13063582041796007
826,-70.0,0.0,3.2701466732119986,0.12048430842155249
827,-65.0,0.0,3.0970358037513788,0.11030886327520191
828,-60.0,0.0,2.9235098666026196,0.10009072018315021
829,-55.0,0.0,2.7504734626904215,0.08981677421721411
830,-50.0,0.0,2.5790389105260663,0.07948633612538558
831,-45.0,0.0,2.4103782343717897,0.06912166396183478
832,-40.0,0.0,2.2456559481869967,0.05877564010067884
833,-35.0,0.0,2.086050619401222,0.04853758481516679
834,-30.0,0.0,1.9329090072923496,0.03853848205739952
835,-25.0,0.0,1.7880644983983396,0.028959393563361125
836,-20.0,0.0,1.6543431397077695,0.02004900488862889
837,-15.0,0.0,1.536261978137677,0.012155540950080968
838,-10.0,0.0,1.4407508028359424,0.0057667514508627695
839,-5.0,0.0,1.377134172822643,0.0015098263308840087
840,0.0,0.0,4.18171407552978,1.0532809604727803e-08
841,5.0,0.0,1.3955152701484566,-0.002563122416940762
842,10.0,0.0,1.507346719912014,-0.00950085879084656
843,15.0,0.0,1.6677076968940592,-0.019339742844236386
844,20.0,0.0,1.8590197731820666,-0.030856792449402128
845,25.0,0.0,2.0710361491188514,-0.043256668385035064
846,30.0,0.0,2.2982713397436187,-0.0560376648497839
847,35.0,0.0,2.537532501917475,-0.06888055602670341
848,40.0,0.0,2.786399905066539,-0.08159497448922048
849,45.0,0.0,3.0425009516006187,-0.09409216856890529
850,50.0,0.0,3.3033890770288457,-0.10636015488048764
851,55.0,0.0,3.5668032014616258,-0.11843376396271828
852,60.0,0.0,3.831009140931606,-0.1303646074937496
853,65.0,0.0,4.0950049703477625,-0.14219827284237224
854,70.0,0.0,4.358593371775298,-0.153959667307453
855,75.0,0.0,4.62222941796343,-0.16565062933875654
856,80.0,0.0,4.886464516542874,-0.17726470054314444
857,85.0,0.0,5.1517850491751,-0.18879271551650434
858,90.0,0.0,5.418557705854396,-0.2002261000231397
859,95.0,0.0,5.687029816391886,-0.21155835950353444
860,100.0,0.0,5.9573524396213084,-0.22278540571447938
861,-100.0,-5.0,4.2988267155471585,0.18129272207046263
862,-95.0,-5.0,4.135258228697391,0.17095885699899993
863,-90.0,-5.0,3.970637900365157,0.16075770935739922
864,-85.0,-5.0,3.804834909318958,0.15057068390038672
865,-80.0,-5.0,3.637660030933681,0.14039762525946375
866,-75.0,-5.0,3.469185273685988,0.13022815813920385
867,-70.0,-5.0,3.299531484799893,0.12005193203141702
868,-65.0,-5.0,3.129222111586023,0.10984944983227157
869,-60.0,-5.0,2.9590563204311002,0.09960185498150019
870,-55.0,-5.0,2.7901743066160036,0.08929466023226484
871,-50.0,-5.0,2.6240470249155172,0.07892554520242515
872,-45.0,-5.0,2.462419985359665,0.06851459585902492
873,-40.0,-5.0,2.307412830478815,0.05811195248606503
874,-35.0,-5.0,2.1618890195989215,0.047803714208025205
875,-30.0,-5.0,2.0304295437039546,0.037717252601849154
876,-25.0,-5.0,1.9218272863505648,0.028030023501214536
877,-20.0,-5.0,1.8565461269959658,0.01898816048093319
878,-15.0,-5.0,1.896899974070275,0.010941556940916591
879,-10.0,-5.0,2.3650276547193716,0.004391312927314451
880,-5.0,-5.0,68534.39080415116,6.062542382516674e-08
881,0.0,-5.0,1.3771310216415438,-0.0015097724278765364
882,5.0,-5.0,0.3808076845836524,-0.003991479422770274
883,10.0,-5.0,1.14034895132262,-0.010746815113827746
884,15.0,-5.0,1.4801432584481022,-0.020394496326811517
885,20.0,-5.0,1.7414877294735651,-0.031751849108943214
886,25.0,-5.0,1.9876864669488432,-0.0440285014073284
887,30.0,-5.0,2.2341580300733117,-0.056716726435893094
888,35.0,-5.0,2.4853556173536613,-0.0694896341221652
889,40.0,-5.0,2.7422029794386398,-0.08214997473388679
890,45.0,-5.0,3.0039888873271625,-0.09460347892342613
891,50.0,-5.0,3.269163577136433,-0.1068342149826853
892,55.0,-5.0,3.5359691213472257,-0.11887463528780051
893,60.0,-5.0,3.802956159404297,-0.13077525316933655
894,65.0,-5.0,4.06929940682538,-0.1425808723003841
895,70.0,-5.0,4.334866291567375,-0.1543174492109599
896,75.0,-5.0,4.600184641018089,-0.165986545002483
897,80.0,-5.0,4.865863576578764,-0.177581309739887
898,85.0,-5.0,5.132434341306196,-0.18909219582225031
899,90.0,-5.0,5.4002986783456475,-0.20051029124285075
900,95.0,-5.0,5.669731477335097,-0.21182881726996802
901,100.0,-5.0,5.940905609639801,-0.22304345242458798
902,-100.0,-10.0,4.356207998660112,0.18036345009512286
903,-95.0,-10.0,4.196413099812118,0.16998219211673574
904,-90.0,-10.0,4.036038762097521,0.15972687562006696
905,-85.0,-10.0,3.8750875740979,0.1494798620030794
906,-80.0,-10.0,3.7134523478140355,0.13924182316287462
907,-75.0,-10.0,3.551350527853468,0.12900248949389267
908,-70.0,-10.0,3.389124258867654,0.1187506026595511
909,-65.0,-10.0,3.2276215024094497,0.10846556993018845
910,-60.0,-10.0,3.0680984886352,0.09812758419729706
911,-55.0,-10.0,2.912498566803101,0.08771783866399403
912,-50.0,-10.0,2.7635338081330656,0.07722908426818527
913,-45.0,-10.0,2.6250068659727157,0.0666744920678641
914,-40.0,-10.0,2.5026214866352654,0.056095140021642585
915,-35.0,-10.0,2.4059690783184773,0.045565984221803066
916,-30.0,-10.0,2.3537257381465944,0.03520147871507055
917,-25.0,-10.0,2.3894892055555026,0.025164771300750833
918,-20.0,-10.0,2.6455043866407,0.015688824796983233
919,-15.0,-10.0,3.7910960329712537,0.007121317661302887
920,-10.0,-10.0,149241.28890212468,1.1135815388687457e-07
921,-5.0,-10.0,2.3650948239245406,-0.004391216477417883
922,0.0,-10.0,1.4407742593890933,-0.00576668078499582
923,5.0,-10.0,0.5900929918957087,-0.008043917411453903
924,10.0,-10.0,0.4244175973277479,-0.01432817352112297
925,15.0,-10.0,1.022466132911232,-0.023463650586963068
926,20.0,-10.0,1.427931891195937,-0.03437999326179964
927,25.0,-10.0,1.7556415134177707,-0.046308942250119375
928,30.0,-10.0,2.051519633053861,-0.05873153819526672
929,35.0,-10.0,2.3346914352206545,-0.07130209147245299
930,40.0,-10.0,2.613472447719622,-0.08380503641398639
931,45.0,-10.0,2.89114809362939,-0.09613079231420361
932,50.0,-10.0,3.168444869169074,-0.10825220466651966
933,55.0,-10.0,3.4449261844621604,-0.12019486939921625
934,60.0,-10.0,3.719914849049677,-0.13200580377517332
935,65.0,-10.0,3.9930481587718307,-0.14372807997173928
936,70.0,-10.0,4.26437716108032,-0.1553903921986531
937,75.0,-10.0,4.534613401263637,-0.16699399413567717
938,80.0,-10.0,4.804525602554128,-0.17853090977433408
939,85.0,-10.0,5.0747708786279055,-0.1899904620351194
940,90.0,-10.0,5.345850244743269,-0.20136273218256273
941,95.0,-10.0,5.618117174434019,-0.21264009183159424
942,100.0,-10.0,5.891807064015047,-0.22381752136614882
943,-100.0,-15.0,4.453290587363666,0.1788125755731455
944,-95.0,-15.0,4.300054604708644,0.1683519645188012
945,-90.0,-15.0,4.147097866338908,0.15800585098608
946,-85.0,-15.0,3.994672449569736,0.14765809382333783
947,-80.0,-15.0,3.8428990125436036,0.13730867740762442
948,-75.0,-15.0,3.6921904653804756,0.1269505647680447
949,-70.0,-15.0,3.543435472814377,0.11656761505505296
950,-65.0,-15.0,3.398034623333636,0.10614062899412248
951,-60.0,-15.0,3.2583187783349135,0.09564437597164487
952,-55.0,-15.0,3.1278866619718175,0.08505411862780765
953,-50.0,-15.0,3.0122030059556715,0.07435386166879888
954,-45.0,-15.0,2.919967812959428,0.06354284221760091
955,-40.0,-15.0,2.866120792819568,0.05264365285304047
956,-35.0,-15.0,2.87968416876872,0.041707532246556045
957,-30.0,-15.0,3.0276576196137563,0.03081807532173907
958,-25.0,-15.0,3.510998790585819,0.02009777589095685
959,-20.0,-15.0,5.337441247535098,0.009727342964423371
960,-15.0,-15.0,227302.13558242822,1.6450778114769042e-07
961,-10.0,-15.0,3.7911255521658,-0.007121220112812722
962,-5.0,-15.0,1.8969098648670701,-0.010941455895391682
963,0.0,-15.0,1.5362659455023646,-0.012155431422221582
964,5.0,-15.0,1.064642049126417,-0.014181360521341557
965,10.0,-15.0,0.22358182766845977,-0.01986138807862986
966,15.0,-15.0,0.48352002946399963,-0.028300822769354993
967,20.0,-15.0,1.004423545305686,-0.03858682890735062
968,25.0,-15.0,1.419024499651223,-0.04999983747034558
969,30.0,-15.0,1.775617674574042,-0.0620178528373634
970,35.0,-15.0,2.1013975784932453,-0.07427470989366243
971,40.0,-15.0,2.4109019205526003,-0.08653074346209096
972,45.0,-15.0,2.7115745974962717,-0.09865435971555518
973,50.0,-15.0,3.0068239058966704,-0.11060144199871173
974,55.0,-15.0,3.2978974096303584,-0.12238669729407131
975,60.0,-15.0,3.5851436191253763,-0.13405152952362565
976,65.0,-15.0,3.868773294622948,-0.14563826287417728
977,70.0,-15.0,4.14915047570244,-0.1571774169839789
978,75.0,-15.0,4.4271681809056975,-0.16867218168231432
979,80.0,-15.0,4.703818456897455,-0.18011289078165824
980,85.0,-15.0,4.9799409120721645,-0.1914870438122601
981,90.0,-15.0,5.256183488469998,-0.20278306480855152
982,95.0,-15.0,5.533017669759784,-0.21399191734003556
983,100.0,-15.0,5.810773792315868,-0.2251074222894803
984,-100.0,-20.0,4.59234064309969,0.1766367395504833
985,-95.0,-20.0,4.448885828067676,0.1660639999701905
986,-90.0,-20.0,4.307074456858981,0.15558957137349838
987,-85.0,-20.0,4.1675707070306505,0.14509908440887123
988,-80.0,-20.0,4.030928364875119,0.13459055570522194
989,-75.0,-20.0,3.8980488354446408,0.12405779530203191
990,-70.0,-20.0,3.770591932581303,0.113484102934067
991,-65.0,-20.0,3.6512230797503302,0.10284581224848573
992,-60.0,-20.0,3.544261365975898,0.09211197999461199
993,-55.0,-20.0,3.4566124611233247,0.08124918199567917
994,-50.0,-20.0,3.399770646870598,0.07022437176645452
995,-45.0,-20.0,3.393898334840148,0.05901319947311264
996,-40.0,-20.0,3.4783589179472214,0.04760422677965826
997,-35.0,-20.0,3.743581872971688,0.035998990284916065
998,-30.0,-20.0,4.458815963882315,0.024205783572257212
999,-25.0,-20.0,6.966668968709018,0.012222796496147811
1000,-20.0,-20.0,298322.76456065534,2.2283296102867007e-07
1001,-15.0,-20.0,5.337169077608987,-0.009727616469668727
1002,-10.0,-20.0,2.6454050223549546,-0.015688976856073875
1003,-5.0,-20.0,1.856484403037279,-0.01898821237771038
1004,0.0,-20.0,1.6542844195985742,-0.020049021943679548
1005,5.0,-20.0,1.3550963834731422,-0.02183141625890399
1006,10.0,-20.0,0.7003578861070339,-0.026900221579538232
1007,15.0,-20.0,0.0488854772809203,-0.034591038885214746
1008,20.0,-20.0,0.5504388525280377,-0.0441590154174705
1009,25.0,-20.0,1.0275684362982862,-0.054957176969037805
1010,30.0,-20.0,1.4383953466348463,-0.06647689217543125
1011,35.0,-20.0,1.8070240325681401,-0.07833832528359368
1012,40.0,-20.0,2.149749164612727,-0.0902781560511541
1013,45.0,-20.0,2.476496023937498,-0.10213992082632498
1014,50.0,-20.0,2.792792783886772,-0.11385869369864599
1015,55.0,-20.0,3.101419475818203,-0.12543538389304956
1016,60.0,-20.0,3.403708833907622,-0.13690501402319744
1017,65.0,-20.0,3.700447119928346,-0.1483090363676195
1018,70.0,-20.0,3.992395552341412,-0.15967714394381266
1019,75.0,-20.0,4.280485328848946,-0.17102011078823723
1020,80.0,-20.0,4.565936091505326,-0.18232648004411192
1021,85.0,-20.0,4.849791126690878,-0.19358133736871214
1022,90.0,-20.0,5.132868713818834,-0.2047708267500792
1023,95.0,-20.0,5.415780580438781,-0.2158839523184862
1024,100.0,-20.0,5.698971967117666,-0.22691291608606337
1025,-100.0,-25.0,4.776736400487747,0.1738304502243663
1026,-95.0,-25.0,4.646967170149876,0.16311145322096524
1027,-90.0,-25.0,4.520907950668115,0.15246968129149155
1028,-85.0,-25.0,4.399878702323735,0.14179245704592108
1029,-80.0,-25.0,4.285180772576281,0.13107470081361194
1030,-75.0,-25.0,4.178757460101309,0.12030668194213988
1031,-70.0,-25.0,4.0836380410061,0.10947180939258958
1032,-65.0,-25.0,4.004835045777487,0.0985409502033285
1033,-60.0,-25.0,3.9505815018661075,0.08747401575048797
1034,-55.0,-25.0,3.9348389436626476,0.07622085837870342
1035,-50.0,-25.0,3.9826456803156867,0.06472319026168975
1036,-45.0,-25.0,4.1434930458096595,0.052914083810716064
1037,-40.0,-25.0,4.531122321730466,0.04071463443116835
1038,-35.0,-25.0,5.482931734010924,0.028013494602194884
1039,-30.0,-25.0,8.674205954096385,0.014606278676146882
1040,-25.0,-25.0,356743.55455891934,2.911580995549364e-07
1041,-20.0,-25.0,6.965314983788998,-0.012224674998073197
1042,-15.0,-25.0,3.5105866938236803,-0.02009915960785258
1043,-10.0,-25.0,2.3892708311397315,-0.02516574245759831
1044,-5.0,-25.0,1.9216645674140758,-0.028030782470624068
1045,0.0,-25.0,1.7879091128952709,-0.028960099135546754
1046,5.0,-25.0,1.5784419112216062,-0.030529751814929066
1047,10.0,-25.0,1.0679010165209286,-0.035045072613222455
1048,15.0,-25.0,0.46424349464002534,-0.04201999061493184
1049,20.0,-25.0,0.11620018484636571,-0.05086280634145599
1050,25.0,-25.0,0.6210222212471102,-0.06101095097208323
1051,30.0,-25.0,1.0698318620000904,-0.0719851994634665
1052,35.0,-25.0,1.4739282937328135,-0.08340287958179565
1053,40.0,-25.0,1.8469389366377122,-0.09498170556673333
1054,45.0,-25.0,2.1989736641113837,-0.10654063086331889
1055,50.0,-25.0,2.536580050971849,-0.11799211875275442
1056,55.0,-25.0,2.863571358047598,-0.12932131577474354
1057,60.0,-25.0,3.1820455003423858,-0.1405555032408514
1058,65.0,-25.0,3.4932779851828473,-0.15173398857195963
1059,70.0,-25.0,3.7982857781550456,-0.1628884563101784
1060,75.0,-25.0,4.0980243740051625,-0.17403707287424947
1061,80.0,-25.0,4.393780097580085,-0.18517111173100578
1062,85.0,-25.0,4.686779847896874,-0.19627287927698753
1063,90.0,-25.0,4.978007810232171,-0.2073256552797806
1064,95.0,-25.0,5.268218097298149,-0.21831593364552138
1065,100.0,-25.0,5.557975987118836,-0.22923383276567147
1066,-100.0,-30.0,5.011208166477784,0.17038527689020333
1067,-95.0,-30.0,4.900044363053331,0.15948378113880854
1068,-90.0,-30.0,4.795674962024197,0.14863319634003846
1069,-85.0,-30.0,4.70046067445053,0.13772198453040996
1070,-80.0,-30.0,4.616982417804485,0.12674049502785895
1071,-75.0,-30.0,4.549056261217144,0.1156732577801772
1072,-70.0,-30.0,4.502580272678905,0.10449624335381635
1073,-65.0,-30.0,4.4870947716397485,0.09317342533866914
1074,-60.0,-30.0,4.518896841398408,0.0816515309433737
1075,-55.0,-30.0,4.627777225892394,0.06985290556828028
1076,-50.0,-30.0,4.872931304263442,0.05767389164205891
1077,-45.0,-30.0,5.391186717831863,0.04496702197580534
1078,-40.0,-30.0,6.587963347413074,0.0315046399716071
1079,-35.0,-30.0,10.469401021314066,0.0168639935250958
1080,-30.0,-30.0,395812.69878830115,3.778829780105022e-07
1081,-25.0,-30.0,8.6701144858737,-0.014612322710673802
1082,-20.0,-30.0,4.457677268656522,-0.024210394835917512
1083,-15.0,-30.0,3.0271216587185963,-0.030821464628889066
1084,-10.0,-30.0,2.3533793063858983,-0.03520416848241636
1085,-5.0,-30.0,2.0301476164236494,-0.037719625396788664
1086,0.0,-30.0,1.9326357887458105,-0.03854080808589381
1087,5.0,-30.0,1.7752531633680884,-0.03993315278978526
1088,10.0,-30.0,1.3669690422361105,-0.043974103718640405
1089,15.0,-30.0,0.8380062211773945,-0.05030763277601839
1090,20.0,-30.0,0.2924707944172503,-0.05846924507856642
1091,25.0,-30.0,0.22466168065974101,-0.06798071203000797
1092,30.0,-30.0,0.693011622068051,-0.07840264085392352
1093,35.0,-30.0,1.1216592341722005,-0.08936000282112454
1094,40.0,-30.0,1.518607165312728,-0.1005581004608683
1095,45.0,-30.0,1.8922704825987195,-0.11179382534491643
1096,50.0,-30.0,2.249094889593868,-0.1229564594074234
1097,55.0,-30.0,2.5933356357922532,-0.13401336024187827
1098,60.0,-30.0,2.927551146139143,-0.14498279107032025
1099,65.0,-30.0,3.2532991375352864,-0.15590331594574292
1100,70.0,-30.0,3.571713198325789,-0.16681046337118596
1101,75.0,-30.0,3.8838719584059547,-0.1777233132927798
1102,80.0,-30.0,4.190812548103911,-0.18864695378264448
1103,85.0,-30.0,4.493865223647625,-0.1995617388473249
1104,90.0,-30.0,4.794148114806274,-0.21044757907919687
1105,95.0,-30.0,5.092539762496104,-0.22128789609361837
1106,100.0,-30.0,5.389715382275699,-0.23207023915449443
1107,-100.0,-35.0,5.302205125613566,0.16628878576403577
1108,-95.0,-35.0,5.216059765525776,0.15516537381908466
1109,-90.0,-35.0,5.14131846379625,0.1440606911295723
1110,-85.0,-35.0,5.08201926740305,0.13286313980788048
1111,-80.0,-35.0,5.0429621492012116,0.1215564385198714
1112,-75.0,-35.0,5.031370179123579,0.11011635136429582
1113,-70.0,-35.0,5.058673085695548,0.0985066816773028
1114,-65.0,-35.0,5.144047848664008,0.08667351343755673
1115,-60.0,-35.0,5.32211150815963,0.07453649730692029
1116,-55.0,-35.0,5.661906217514979,0.061974186594817425
1117,-50.0,-35.0,6.323230765857947,0.04879559761380355
1118,-45.0,-35.0,7.779718710120058,0.034676524906564254
1119,-40.0,-35.0,12.367283078040304,0.018979396307420907
1120,-35.0,-35.0,409648.75998369564,4.969683966011106e-07
1121,-30.0,-35.0,10.459960038084304,-0.016877968551481565
1122,-25.0,-35.0,5.480411321977674,-0.02802422812305667
1123,-20.0,-35.0,3.7424783763807707,-0.03600692158109015
1124,-15.0,-35.0,2.8790356114931344,-0.04171380354711542
1125,-10.0,-35.0,2.40549760764433,-0.04557136144661068
1126,-5.0,-35.0,2.161484157556667,-0.04780872003625591
1127,0.0,-35.0,2.0856533567347415,-0.048542593683785516
1128,5.0,-35.0,1.961092492136792,-0.04979026720355145
1129,10.0,-35.0,1.6252591013291147,-0.05343591873225926
1130,15.0,-35.0,1.163035791572387,-0.05921623852370972
1131,20.0,-35.0,0.6553852278138775,-0.0667669574301409
1132,25.0,-35.0,0.15405439056620315,-0.07568661867406963
1133,30.0,-35.0,0.32308693736020083,-0.0855801297760698
1134,35.0,-35.0,0.7651176535299685,-0.0960879396135946
1135,40.0,-35.0,1.1783682911133015,-0.1069096477162704
1136,45.0,-35.0,1.5684270881653242,-0.11782324370410882
1137,50.0,-35.0,1.940813673753579,-0.12869474082319168
1138,55.0,-35.0,2.299712424615136,-0.13947203399716113
1139,60.0,-35.0,2.6478657370648198,-0.1501626947532248
1140,65.0,-35.0,2.986975162828529,-0.16080352951470783
1141,70.0,-35.0,3.318206732668171,-0.17143380770155445
1142,75.0,-35.0,3.6425348669021433,-0.18208070241293692
1143,80.0,-35.0,3.9608949507041573,-0.19275559731399436
1144,85.0,-35.0,4.274380532809034,-0.20344904196114724
1145,90.0,-35.0,4.584184884258024,-0.21413740704445547
1146,95.0,-35.0,4.891275369809898,-0.22480046334900533
1147,100.0,-35.0,5.196413240286525,-0.23542266005727588
1148,-100.0,-40.0,5.65845214525486,0.1615231724388252
1149,-95.0,-40.0,5.6059481717141635,0.1501337668590418
1150,-90.0,-40.0,5.571816716404372,0.1387238904218648
1151,-85.0,-40.0,5.562873603889978,0.1271797684386459
1152,-80.0,-40.0,5.5878723163272,0.11547542208744248
1153,-75.0,-40.0,5.660451752988776,0.10357315652994518
1154,-70.0,-40.0,5.803190193327392,0.09141707508738799
1155,-65.0,-40.0,6.056436951573463,0.07892250363631005
1156,-60.0,-40.0,6.5001196793734835,0.0659573274340708
1157,-55.0,-40.0,7.318311588606094,0.05230487206286035
1158,-50.0,-40.0,9.054234157712948,0.037576772008864404
1159,-45.0,-40.0,14.37445453404469,0.020953401783182106
1160,-40.0,-40.0,396596.88530115056,6.704632133444351e-07
1161,-35.0,-40.0,12.349788808082064,-0.01900464183760888
1162,-30.0,-40.0,6.583318817798611,-0.03152424872925966
1163,-25.0,-40.0,4.529150001330674,-0.04072927147489583
1164,-20.0,-40.0,3.477265030605146,-0.04761575503631886
1165,-15.0,-40.0,2.865383814391161,-0.05265338631960984
1166,-10.0,-40.0,2.5020423107174588,-0.05610393950782318
1167,-5.0,-40.0,2.3068967719002207,-0.05812040565181495
1168,0.0,-40.0,2.24514471870767,-0.058784190558411435
1169,5.0,-40.0,2.142594299121165,-0.0599147350419875
1170,10.0,-40.0,1.8590799807628706,-0.06323541117365673
1171,15.0,-40.0,1.452391770648145,-0.0685487754897046
1172,20.0,-40.0,0.9848107734928713,-0.07556779297240007
1173,25.0,-40.0,0.5029888057859299,-0.08395719796726604
1174,30.0,-40.0,0.036987249399928236,-0.09336615451388951
1175,35.0,-40.0,0.4143289605288215,-0.10345572196786261
1176,40.0,-40.0,0.8365804954727212,-0.11392514770359424
1177,45.0,-40.0,1.2374591731720017,-0.12453681462005955
1178,50.0,-40.0,1.6210754741781253,-0.13513372442507313
1179,55.0,-40.0,1.9911982602489118,-0.14564217456846462
1180,60.0,-40.0,2.3505657389116954,-0.1560564748005457
1181,65.0,-40.0,2.70092731812029,-0.16641076654519862
1182,70.0,-40.0,3.0434079906962355,-0.17674937624791487
1183,75.0,-40.0,3.378875199026569,-0.18710669932006846
1184,80.0,-40.0,3.708128408388647,-0.1975008587206209
1185,85.0,-40.0,4.031906926369254,-0.207937645387609
1186,90.0,-40.0,4.351259793119903,-0.21839723049478305
1187,95.0,-40.0,4.667193391843691,-0.22885522116007032
1188,100.0,-40.0,4.980520135830393,-0.23929235957409614
1189,-100.0,-45.0,6.091804879754787,0.15606349658346744
1190,-95.0,-45.0,6.084897420501314,0.14435727768164244
1191,-90.0,-45.0,6.107104322475677,0.13258240512299935
1192,-85.0,-45.0,6.170014966108871,0.12061944092891884
1193,-80.0,-45.0,6.289712756025459,0.10842785712886108
1194,-75.0,-45.0,6.492563868860472,0.09594868337866658
1195,-70.0,-45.0,6.825259124755312,0.083092921627102
1196,-65.0,-45.0,7.37956786535865,0.06972024443122848
1197,-60.0,-45.0,8.365441447340286,0.05559524543306372
1198,-55.0,-45.0,10.398615492851928,0.04028165076652132
1199,-50.0,-45.0,16.480348556635626,0.02281219949948537
1200,-45.0,-45.0,361223.0282082688,9.316524482102636e-07
1201,-40.0,-45.0,14.348664426082083,-0.02098910622119607
1202,-35.0,-45.0,7.7725972362772024,-0.034705426381477285
1203,-30.0,-45.0,5.388141658802155,-0.04498922183536985
1204,-25.0,-45.0,4.141840197439679,-0.05293177437107176
1205,-20.0,-45.0,3.392830927116415,-0.05902811776196068
1206,-15.0,-45.0,2.919178310114663,-0.06355611979774395
1207,-10.0,-45.0,2.624350772313048,-0.06668696390866585
1208,-5.0,-45.0,2.4618196746240883,-0.06852681881304677
1209,0.0,-45.0,2.409778850480502,-0.06913411885344488
1210,5.0,-45.0,2.3227324132988647,-0.07016969298590084
1211,10.0,-45.0,2.0779350796913496,-0.07322392993146987
1212,15.0,-45.0,1.7163966728393885,-0.07814670840844579
1213,20.0,-45.0,1.2863362840097716,-0.08471046178010457
1214,25.0,-45.0,0.8285089265302241,-0.092635708310737
1215,30.0,-45.0,0.3702058039189377,-0.10161357635774586
1216,35.0,-45.0,0.07574290156945053,-0.11132846134592292
1217,40.0,-45.0,0.5003123044702971,-0.1214837107277968
1218,45.0,-45.0,0.9069659868605684,-0.13182927561046617
1219,50.0,-45.0,1.297553608644835,-0.14218545684532494
1220,55.0,-45.0,1.6752278272419039,-0.15245445934527468
1221,60.0,-45.0,2.0426231786293694,-0.16261355371839123
1222,65.0,-45.0,2.40153600121224,-0.17269066488994464
1223,70.0,-45.0,2.753069444123832,-0.18273453310712853
1224,75.0,-45.0,3.0979415459836313,-0.19279043823281192
1225,80.0,-45.0,3.4367635055316708,-0.20288652359876025
1226,85.0,-45.0,3.7701529156503835,-0.2130329669296181
1227,90.0,-45.0,4.098662361584275,-0.2232310648490765
1228,95.0,-45.0,4.423220131410084,-0.2334551906824672
1229,100.0,-45.0,4.744647492316731,-0.24368169393055794
1230,-100.0,-50.0,6.618594532960404,0.14987534298207675
1231,-95.0,-50.0,6.674407522503407,0.13779177003176699
1232,-90.0,-50.0,6.776356258008936,0.12557911083138545
1233,-85.0,-50.0,6.944631789246701,0.1131065912572656
1234,-80.0,-50.0,7.209674684275537,0.10031098363681781
1235,-75.0,-50.0,7.625024974630417,0.08709803198628549
1236,-70.0,-50.0,8.295186299662904,0.07331946429306951
1237,-65.0,-50.0,9.457602528494538,0.05872455588237121
1238,-60.0,-50.0,11.803664070586432,0.04283978473551076
1239,-55.0,-50.0,18.6751398240102,0.024577251846540322
1240,-50.0,-50.0,312640.3610991646,1.3289218716818763e-06
1241,-45.0,-50.0,16.4477479602236,-0.022855285700463517
1242,-40.0,-50.0,9.045316857457253,-0.03761100856702981
1243,-35.0,-50.0,6.319243223165994,-0.048823411309119547
1244,-30.0,-50.0,4.870736861658694,-0.0576968333727424
1245,-25.0,-50.0,3.98124575814558,-0.06474283072634145
1246,-20.0,-50.0,3.398764128660711,-0.07024193684959422
1247,-15.0,-50.0,3.0114046774436662,-0.07437019295102738
1248,-10.0,-50.0,2.762842264870717,-0.07724486036483305
1249,-5.0,-50.0,2.6234008233696557,-0.07894124269626801
1250,0.0,-50.0,2.5783892858992155,-0.07950242458260062
1251,5.0,-50.0,2.502725409595146,-0.08046013638982247
1252,10.0,-50.0,2.287343072094991,-0.08329415836908222
1253,15.0,-50.0,1.9624278352300495,-0.08788909845451522
1254,20.0,-50.0,1.5658251503396208,-0.0940640842387739
1255,25.0,-50.0,1.1325332278862035,-0.10158664505496942
1256,30.0,-50.0,0.6887939263613406,-0.1101869816909949
1257,35.0,-50.0,0.2509473128470583,-0.11957452556218429
1258,40.0,-50.0,0.17383171948045847,-0.1294604747000649
1259,45.0,-50.0,0.5821546145159088,-0.1395856044041661
1260,50.0,-50.0,0.976058268006991,-0.1497482569792344
1261,55.0,-50.0,1.3578839868616777,-0.1598241121392905
1262,60.0,-50.0,1.7301142611758966,-0.1697680884207641
1263,65.0,-50.0,2.094627732620353,-0.1795970028753287
1264,70.0,-50.0,2.4525942529173865,-0.18936097447868455
1265,75.0,-50.0,2.8046809599184668,-0.19911502055320898
1266,80.0,-50.0,3.151316357916266,-0.2089011155838392
1267,85.0,-50.0,3.4928601207193384,-0.2187431045280071
1268,90.0,-50.0,3.8297400512672928,-0.22864566156074626
1269,95.0,-50.0,4.162364137285803,-0.2386054310121914
1270,100.0,-50.0,4.491503938057959,-0.24859455441522596
1271,-100.0,-55.0,7.261815064666021,0.14291159465829692
1272,-95.0,-55.0,7.4057989860816615,0.1303760065360906
1273,-90.0,-55.0,7.623908625903656,0.11763321329644333
1274,-85.0,-55.0,7.952804493137655,0.10453164935923702
1275,-80.0,-55.0,8.45324711021561,0.09097073426469703
1276,-75.0,-55.0,9.24319713478798,0.07679349131755417
1277,-70.0,-55.0,10.589046261307649,0.06173465153916733
1278,-65.0,-55.0,13.26100280638761,0.045288985364379045
1279,-60.0,-55.0,20.948260223085146,0.026267860236474167
1280,-55.0,-55.0,260417.76560397662,1.9304541228357964e-06
1281,-50.0,-55.0,18.636945644299566,-0.024625486248805197
1282,-45.0,-55.0,10.388661960972183,-0.04031780195032705
1283,-40.0,-55.0,7.313925726762561,-0.05233385180633027
1284,-35.0,-55.0,5.659404559873258,-0.061999254416022755
1285,-30.0,-55.0,4.626144890779165,-0.0698752616929055
1286,-25.0,-55.0,3.9336701190431795,-0.07624122778884031
1287,-20.0,-55.0,3.4557038162129,-0.0812682598954533
1288,-15.0,-55.0,3.127124864807705,-0.08507252322862413
1289,-10.0,-55.0,2.9118180183321023,-0.08773597582217724
1290,-5.0,-55.0,2.789526294972612,-0.0893129585816383
1291,0.0,-55.0,2.7498182498364216,-0.08983561309997526
1292,5.0,-55.0,2.68282640285513,-0.09072815023697765
1293,10.0,-55.0,2.4904137848621803,-0.09337667671543476
1294,15.0,-55.0,2.1954843188406903,-0.09769188814826855
1295,20.0,-55.0,1.8281733584857875,-0.10353091433571984
1296,25.0,-55.0,1.4183774112026204,-0.11070151557107522
1297,30.0,-55.0,0.9905611396140278,-0.1189704606691881
1298,35.0,-55.0,0.5616996101743155,-0.12807365913022503
1299,40.0,-55.0,0.1416475483711223,-0.1377339424925694
1300,45.0,-55.0,0.2661331727381125,-0.14768681175599271
1301,50.0,-55.0,0.6605629676284761,-0.1577102188768217
1302,55.0,-55.0,1.0437743186880506,-0.16765105829970955
1303,60.0,-55.0,1.4180269821233233,-0.17743635747484285
1304,65.0,-55.0,1.7853170763619617,-0.18706494981590047
1305,70.0,-55.0,2.1469916250526806,-0.1965830753507336
1306,75.0,-55.0,2.5037879234085385,-0.20605398506263192
1307,80.0,-55.0,2.856064644089692,-0.21553366058553594
1308,85.0,-55.0,3.204024053386782,-0.22505953967126138
1309,90.0,-55.0,3.5478215958574886,-0.23465138560217377
1310,95.0,-55.0,3.887649430040835,-0.244313812585164
1311,100.0,-55.0,4.223837621353993,-0.25403692998769617
1312,-100.0,-60.0,8.05483889035913,0.13510775998615787
1313,-95.0,-60.0,8.326524900912357,0.1220245897512465
1314,-90.0,-60.0,8.720698044613723,0.10862912867027343
1315,-85.0,-60.0,9.308164351419167,0.09473238595394613
1316,-80.0,-60.0,10.220855908930357,0.08016770766334283
1317,-75.0,-60.0,11.755242459896438,0.06465478197273919
1318,-70.0,-60.0,14.763046748968764,0.04765870964095121
1319,-65.0,-60.0,23.287480906867707,0.027902585827435242
1320,-60.0,-60.0,211415.4442127404,2.829898128795157e-06
1321,-55.0,-60.0,20.906207669115624,-0.02631872001792407
1322,-50.0,-60.0,11.793279653752757,-0.04287562353440064
1323,-45.0,-60.0,8.361008386493609,-0.05562312117383229
1324,-40.0,-60.0,6.497639340446795,-0.06598110316750325
1325,-35.0,-60.0,5.3204679664521235,-0.07455824133262619
1326,-30.0,-60.0,4.517687280989961,-0.08167220395390815
1327,-25.0,-60.0,3.949634582916765,-0.087493893904986
1328,-20.0,-60.0,3.5434789245266067,-0.09213132378589527
1329,-15.0,-60.0,3.2576354590695167,-0.0956635362793187
1330,-10.0,-60.0,3.06747091553663,-0.09814682931525473
1331,-5.0,-60.0,2.9584490280078737,-0.0996214981799421
1332,0.0,-60.0,2.922892807241335,-0.10011101636344319
1333,5.0,-60.0,2.8627364029763966,-0.10094748559626875
1334,10.0,-60.0,2.6887781152644203,-0.10343509285595315
1335,15.0,-60.0,2.418794904136647,-0.10750540335763027
1336,20.0,-60.0,2.0770946262412697,-0.1130467725995321
1337,25.0,-60.0,1.689189241872369,-0.11990246288684364
1338,30.0,-60.0,1.2774813183268092,-0.12787387397818803
1339,35.0,-60.0,0.8589349090198807,-0.13672504695647095
1340,40.0,-60.0,0.4445302633515641,-0.14619467881627374
1341,45.0,-60.0,0.0402433415541708,-0.15601786093444248
1342,50.0,-60.0,0.3533986156493523,-0.16595543241641986
1343,55.0,-60.0,0.7360288001798024,-0.17582462245511368
1344,60.0,-60.0,1.1101244228774865,-0.1855194935990516
1345,65.0,-60.0,1.4777854551541392,-0.19501270638941431
1346,70.0,-60.0,1.8406302165909032,-0.20433845837177964
1347,75.0,-60.0,2.1996181043926772,-0.21356328663746094
1348,80.0,-60.0,2.5551756951616693,-0.22275692529437313
1349,85.0,-60.0,2.9074306413470348,-0.23197349747837281
1350,90.0,-60.0,3.256398202510675,-0.24124621447926609
1351,95.0,-60.0,3.602059689427305,-0.2505919750168642
1352,100.0,-60.0,3.9443866969089028,-0.2600176345292045
1353,-100.0,-65.0,9.048085895895165,0.12637483456911514
1354,-95.0,-65.0,9.512347604453817,0.11261655143117721
1355,-90.0,-65.0,10.18846002810887,0.09839725306062064
1356,-85.0,-65.0,11.226160887631766,0.08345868071445103
1357,-80.0,-65.0,12.952755252362984,0.06750460163557719
1358,-75.0,-65.0,16.3034078791566,0.04997056934074278
1359,-70.0,-65.0,25.68016887874166,0.029497930513908307
1360,-65.0,-65.0,169063.60072269416,4.153191591288607e-06
1361,-60.0,-65.0,23.243629076030377,-0.02795353480344853
1362,-55.0,-65.0,13.250762748638605,-0.04532273833811516
1363,-50.0,-65.0,9.453383326793007,-0.05874995831951618
1364,-45.0,-65.0,7.3772677609159905,-0.06974147734206292
1365,-40.0,-65.0,6.054942014083135,-0.07894169779383726
1366,-35.0,-65.0,5.142950579343351,-0.08669188129802533
1367,-30.0,-65.0,4.486216978285443,-0.09319168907379233
1368,-25.0,-65.0,4.004101403409088,-0.0985592216125921
1369,-20.0,-65.0,3.65058366995277,-0.10286424378299541
1370,-15.0,-65.0,3.397458287448968,-0.10615925757606655
1371,-10.0,-65.0,3.2270785578347496,-0.10848462160295462
1372,-5.0,-65.0,3.1286899959872474,-0.10986906568449058
1373,0.0,-65.0,3.0964935976425494,-0.11032916428211414
1374,5.0,-65.0,3.0419014736579313,-0.11111571071692124
1375,10.0,-65.0,2.883186604223849,-0.11345903938539684
1376,15.0,-65.0,2.6343467986929543,-0.11730893514287861
1377,20.0,-65.0,2.315226732090745,-0.12257805112021872
1378,25.0,-65.0,1.9475661598312513,-0.1291423731960373
1379,30.0,-65.0,1.551641165557898,-0.13683621031613882
1380,35.0,-65.0,1.1439531673397567,-0.14545343576204872
1381,40.0,-65.0,0.7362252214166776,-0.15475332227537675
1382,45.0,-65.0,0.33543756823860976,-0.1644767656639379
1383,50.0,-65.0,0.05563834217258648,-0.17437260757072373
1384,55.0,-65.0,0.43643251404426037,-0.18423027357789618
1385,60.0,-65.0,0.8089406873252116,-0.1939074690490802
1386,65.0,-65.0,1.1751864543219208,-0.20334254830718557
1387,70.0,-65.0,1.5370885450662102,-0.21254740437138617
1388,75.0,-65.0,1.895959075405746,-0.22158335353495218
1389,80.0,-65.0,2.2524663349837044,-0.23052949035336368
1390,85.0,-65.0,2.6068021110053325,-0.23945778001531726
1391,90.0,-65.0,2.95890939395409,-0.24841961823525663
1392,95.0,-65.0,3.308645616924843,-0.25744491512289985
1393,100.0,-65.0,3.655839168599597,-0.26654925114119976
1394,-100.0,-70.0,10.321857010089271,0.11658772880199884
1395,-95.0,-70.0,11.093059663543732,0.10197552626645534
1396,-90.0,-70.0,12.257587128434087,0.08667749584842008
1397,-85.0,-70.0,14.178997317097762,0.07029710698020569
1398,-80.0,-70.0,17.87696585571539,0.052239706506346156
1399,-75.0,-70.0,28.114411867320797,0.031067544327245702
1400,-70.0,-70.0,134228.35311742633,6.066770896263665e-06
1401,-65.0,-70.0,25.636581235361486,-0.029546759550934967
1402,-60.0,-70.0,14.75342089318207,-0.04768917390936383
1403,-55.0,-70.0,10.585227456492492,-0.061756799627475385
1404,-50.0,-70.0,8.293164761597113,-0.07333755637469416
1405,-45.0,-70.0,6.823976203030351,-0.0831090254155078
1406,-40.0,-70.0,5.80226627224381,-0.09143234452036639
1407,-35.0,-70.0,5.057943748437567,-0.09852182537680962
1408,-30.0,-70.0,4.5019645469639915,-0.10451171396881123
1409,-25.0,-70.0,4.083093115006645,-0.10948786465576729
1410,-20.0,-70.0,3.7701008704578527,-0.1135006268169395
1411,-15.0,-70.0,3.5429775424102687,-0.11658472024928655
1412,-10.0,-70.0,3.3886863438759867,-0.11876826190396803
1413,-5.0,-70.0,3.2990987521836272,-0.1200702051368593
1414,0.0,-70.0,3.269704099026591,-0.12050326571392646
1415,5.0,-70.0,3.219763990751342,-0.1212441872933076
1416,10.0,-70.0,3.0739177629831667,-0.12345585339018707
1417,15.0,-70.0,2.8433494448959795,-0.12710177527304364
1418,20.0,-70.0,2.5443627922684415,-0.13211540217619563
1419,25.0,-70.0,2.1954825926571577,-0.13840097738850252
1420,30.0,-70.0,1.8148675793157742,-0.14582482922205042
1421,35.0,-70.0,1.418247824671062,-0.1542117937930514
1422,40.0,-70.0,1.0177006579563153,-0.16334637723490955
1423,45.0,-70.0,0.6212455279286357,-0.17298243954513665
1424,50.0,-70.0,0.2331046450845002,-0.18286425752414232
1425,55.0,-70.0,0.1456568679942234,-0.19275842636295393
1426,60.0,-70.0,0.5158717261169805,-0.20248603133389853
1427,65.0,-70.0,0.879626969802328,-0.21194479569561525
1428,70.0,-70.0,1.2390677966939008,-0.22111377153112344
1429,75.0,-70.0,1.595920775565388,-0.23003763768844357
1430,80.0,-70.0,1.9512507645155528,-0.23879620950358924
1431,85.0,-70.0,2.305501556184024,-0.247475150565562
1432,90.0,-70.0,2.6586832097938897,-0.25614608976955655
1433,95.0,-70.0,3.010569841046013,-0.264859336645322
1434,100.0,-70.0,3.3608841647759675,-0.27364252975829717
1435,-100.0,-75.0,12.013363249835407,0.10556515148454701
1436,-95.0,-75.0,13.31388329385676,0.08983204926544884
1437,-90.0,-75.0,15.431968397839492,0.07304101242699662
1438,-85.0,-75.0,19.47971251713527,0.054476440086232814
1439,-80.0,-75.0,30.57972515465892,0.03262206550267065
1440,-75.0,-75.0,106381.07387701582,8.787480840038881e-06
1441,-70.0,-75.0,28.072882955098535,-0.031112584194795852
1442,-65.0,-75.0,16.29472075642009,-0.04999710696075259
1443,-60.0,-75.0,11.751929793816064,-0.06467339956036396
1444,-55.0,-75.0,9.24149897974494,-0.07680832290766504
1445,-50.0,-75.0,7.623976304766247,-0.0871109961409802
1446,-45.0,-75.0,6.49182600633841,-0.09596082292735669
1447,-40.0,-75.0,5.659880394896472,-0.10358510937737136
1448,-35.0,-75.0,5.030895047584576,-0.11012853740438837
1449,-30.0,-75.0,4.548639582492809,-0.11568595869444595
1450,-25.0,-75.0,4.178377303196828,-0.12032007690883435
1451,-20.0,-75.0,3.8976921708997585,-0.1240719626435385
1452,-15.0,-75.0,3.6918527148913816,-0.1269653647867727
1453,-10.0,-75.0,3.5510218051412092,-0.12901795225403084
1454,-5.0,-75.0,3.468856602444451,-0.13024428801686877
1455,0.0,-75.0,3.441836116530101,-0.1306525926235628
1456,5.0,-75.0,3.3958513926584155,-0.13135176966802878
1457,10.0,-75.0,3.2610755650185013,-0.1334415504052885
1458,15.0,-75.0,3.046579661341613,-0.13689426042087788
1459,20.0,-75.0,2.7657318645102906,-0.1416645592085674
1460,25.0,-75.0,2.4343727512094064,-0.14767789410846657
1461,30.0,-75.0,2.0686104837842256,-0.15483068812196926
1462,35.0,-75.0,1.683170419345862,-0.1629796202205222
1463,40.0,-75.0,1.2901458108035864,-0.17193811900054834
1464,45.0,-75.0,0.8983191609785879,-0.1814801495888068
1465,50.0,-75.0,0.5130354563420518,-0.19135472307873003
1466,55.0,-75.0,0.136545018130416,-0.20131387655366056
1467,60.0,-75.0,0.2313461145077828,-0.21114585292867138
1468,65.0,-75.0,0.592224413243349,-0.22070492993817428
1469,70.0,-75.0,0.9483653720386772,-0.22992819469058542
1470,75.0,-75.0,1.3018761191518498,-0.23883072905182068
1471,80.0,-75.0,1.6543007406632975,-0.24748153456899485
1472,85.0,-75.0,2.00649048076796,-0.2559728644873152
1473,90.0,-75.0,2.358704161489309,-0.26439350300043674
1474,95.0,-75.0,2.7108041765053543,-0.27281369729035204
1475,100.0,-75.0,3.0624356804028374,-0.28128229983291164
1476,-100.0,-80.0,14.380996485543722,0.09303139633004986
1477,-95.0,-80.0,16.7100350559878,0.07574245484101445
1478,-90.0,-80.0,21.108500942297717,0.056687767715017726
1479,-85.0,-80.0,33.06732734282908,0.0341694063356041
1480,-80.0,-80.0,84450.47689647674,1.2594606541669758e-05
1481,-75.0,-80.0,30.541611996535313,-0.032662254591929285
1482,-70.0,-80.0,17.869395213373952,-0.052262144814177
1483,-65.0,-80.0,12.949984460523654,-0.0675197792747584
1484,-60.0,-80.0,10.219483970767715,-0.08017947946251042
1485,-55.0,-80.0,8.452425368082954,-0.09098081758394677
1486,-50.0,-80.0,7.209111963984357,-0.10032028476581165
1487,-45.0,-80.0,6.2892872723587585,-0.108436922020829
1488,-40.0,-80.0,5.587525647489065,-0.11548461260720064
1489,-35.0,-80.0,5.042663267513268,-0.12156600734120734
1490,-30.0,-80.0,4.616713460192334,-0.1267506183552586
1491,-25.0,-80.0,4.284930704956555,-0.13108549281848977
1492,-20.0,-80.0,4.0306898697754665,-0.13460207593541051
1493,-15.0,-80.0,3.8426668615290773,-0.13732093532039827
1494,-10.0,-80.0,3.713223793744973,-0.13925473102422964
1495,-5.0,-80.0,3.6374308410573803,-0.14041111549673405
1496,0.0,-80.0,3.6124647520339783,-0.1407962252772471
1497,5.0,-80.0,3.5699188357306015,-0.14145606013946863
1498,10.0,-80.0,3.4448465899754392,-0.14343032495514643
1499,15.0,-80.0,3.2445729335310642,-0.14670214762349418
1500,20.0,-80.0,2.980258907721082,-0.15123662755657638
1501,25.0,-80.0,2.6653070667021246,-0.15698284980713387
1502,30.0,-80.0,2.31396816355179,-0.16386069695089378
1503,35.0,-80.0,1.9398148056690332,-0.17175735469956002
1504,40.0,-80.0,1.5546486349935298,-0.18051788215163783
1505,45.0,-80.0,1.1677175011478265,-0.1899426190341416
1506,50.0,-80.0,0.7853158630029966,-0.19979533382118
1507,55.0,-80.0,0.4107976570735161,-0.2098240614515234
1508,60.0,-80.0,0.04498548417961457,-0.21979228945798826
1509,65.0,-80.0,0.31323603097586145,-0.2295129940454187
1510,70.0,-80.0,0.6659023807314399,-0.23887547629067366
1511,75.0,-80.0,1.0153960681640926,-0.2478534641771022
1512,80.0,-80.0,1.3637317919527119,-0.25649123479633923
1513,85.0,-80.0,1.7122711378015065,-0.2648762181447563
1514,90.0,-80.0,2.0616786620212575,-0.27310849364983075
1515,95.0,-80.0,2.4120579487446836,-0.2812777861671701
1516,100.0,-80.0,2.7631479282600298,-0.28945282301730085
1517,-100.0,-85.0,17.986028771596096,0.07853429561174062
1518,-95.0,-85.0,22.760789559078265,0.05887854883465316
1519,-90.0,-85.0,35.57008816314643,0.03571526384723351
1520,-85.0,-85.0,67288.09939431876,1.7844602182800343e-05
1521,-80.0,-85.0,33.03349314183251,-0.03420424617901922
1522,-75.0,-85.0,19.4733121533162,-0.05449493779276351
1523,-70.0,-85.0,14.176752721171004,-0.07030916110928816
1524,-65.0,-85.0,11.22509040250664,-0.0834677692486678
1525,-60.0,-85.0,9.30754464338889,-0.0947400013609483
1526,-55.0,-85.0,7.952393206585721,-0.10453855541480551
1527,-50.0,-85.0,6.944329604465627,-0.11311323800478572
1528,-45.0,-85.0,6.169775084054514,-0.12062612446353581
1529,-40.0,-85.0,5.562671562509901,-0.12718669877449273
1530,-35.0,-85.0,5.081841186404969,-0.13287047076132416
1531,-30.0,-85.0,4.700298103189786,-0.13772982644492773
1532,-25.0,-85.0,4.399726133211771,-0.14180088176250197
1533,-20.0,-85.0,4.167424266845298,-0.1451081274355894
1534,-15.0,-85.0,3.994529147707506,-0.14766775646306424
1535,-10.0,-85.0,3.874944825898519,-0.14949011466245865
1536,-5.0,-85.0,3.804690205614405,-0.15058147030402347
1537,0.0,-85.0,3.7815114474460256,-0.15094517649837377
1538,5.0,-85.0,3.741960328002064,-0.15156890496281414
1539,10.0,-85.0,3.6253924504879476,-0.15343708052103588
1540,15.0,-85.0,3.437883750053331,-0.15653624779322553
1541,20.0,-85.0,3.1886452536513983,-0.16084573227848384
1542,25.0,-85.0,2.8891440767804353,-0.16632789740318055
1543,30.0,-85.0,2.5518124863238736,-0.17292731071578613
1544,35.0,-85.0,2.1890383848350727,-0.1805569955324531
1545,40.0,-85.0,1.812099333232964,-0.1890930289990801
1546,45.0,-85.0,1.4304059902922166,-0.1983666693275178
1547,50.0,-85.0,1.0509704320395705,-0.20816502243966042
1548,55.0,-85.0,0.6781706096103121,-0.21824395380394082
1549,60.0,-85.0,0.3138534444455686,-0.22835383370963236
1550,65.0,-85.0,0.04225165087954592,-0.23827354700935757
1551,70.0,-85.0,0.3918194537666101,-0.2478443408320393
1552,75.0,-85.0,0.7372582415316371,-0.2569902941100284
1553,80.0,-85.0,1.0809381764720787,-0.26571714136176616
1554,85.0,-85.0,1.4247482955512625,-0.27409297316969844
1555,90.0,-85.0,1.7698739128614538,-0.282218493654639
1556,95.0,-85.0,2.1168142027612866,-0.29019831770651755
1557,100.0,-85.0,2.4655400651896953,-0.29812197888154346
1558,-100.0,-90.0,24.36730494076387,0.06123260015652449
1559,-95.0,-90.0,38.08228577365378,0.037263680935828825
1560,-90.0,-90.0,53868.98806349788,2.4989298391319568e-05
1561,-85.0,-90.0,35.54093427003403,-0.03574471048483936
1562,-80.0,-90.0,21.103233407077546,-0.05670268717155035
1563,-75.0,-90.0,15.430201995341484,-0.07305037059197377
1564,-70.0,-90.0,12.25677854567857,-0.08668434502525317
1565,-65.0,-90.0,10.188009628303947,-0.09840285816033062
1566,-60.0,-90.0,8.72040988456,-0.10863411734045123
1567,-55.0,-90.0,7.623704179935732,-0.11763794592091252
1568,-50.0,-90.0,6.776199281086562,-0.12558382060521414
1569,-45.0,-90.0,6.106976238729505,-0.13258725736008478
1570,-40.0,-90.0,5.571707186981394,-0.1387290090586369
1571,-35.0,-90.0,5.141221315689563,-0.1440661703239435
1572,-30.0,-90.0,4.79558625537745,-0.14863910486157253
1573,-25.0,-90.0,4.520824983469702,-0.15247606357527374
1574,-20.0,-90.0,4.306995212655293,-0.1555964474821141
1575,-15.0,-90.0,4.147020683765858,-0.15801321685100495
1576,-10.0,-90.0,4.035962122625389,-0.15973470417903582
1577,-5.0,-90.0,3.97056028500787,-0.16076595260117046
1578,0.0,-90.0,3.9489584739948462,-0.16110963216701482
1579,5.0,-90.0,3.9120627138236834,-0.1616992986910075
1580,10.0,-90.0,3.803092688180673,-0.16346646209694257
1581,15.0,-90.0,3.6270055306064553,-0.1664051424432274
1582,20.0,-90.0,3.3915908304280538,-0.1704993801283758
1583,25.0,-90.0,3.106561746701089,-0.17572637462511007
1584,30.0,-90.0,2.7828342742591317,-0.18204512692074923
1585,35.0,-90.0,2.4315051715325526,-0.18939554054875743
1586,40.0,-90.0,2.0631755520190493,-0.19768170375196809
1587,45.0,-90.0,1.6871600226680488,-0.20676657108781374
1588,50.0,-90.0,1.3109244431860487,-0.2164666344059182
1589,55.0,-90.0,0.9397043144319145,-0.22655653441096052
1590,60.0,-90.0,0.5763738115503917,-0.23678693125623074
1591,65.0,-90.0,0.221615654061718,-0.24691418037871335
1592,70.0,-90.0,0.12563371148272007,-0.2567375438989739
1593,75.0,-90.0,0.4675225218681147,-0.26612863403245063
1594,80.0,-90.0,0.8065932221988411,-0.2750437527561997
1595,85.0,-90.0,1.145178781424738,-0.28351643380565794
1596,90.0,-90.0,1.4850232958850504,-0.29163356450612976
1597,95.0,-90.0,1.82714340971327,-0.2995050603757078
1598,100.0,-90.0,2.1718907149620783,-0.307237906671043
1599,-100.0,-95.0,40.29079651857279,0.03911974406706398
1600,-95.0,-95.0,43350.74573661749,3.459864681265576e-05
1601,-90.0,-95.0,38.05783600357725,-0.03728801490235929
1602,-85.0,-95.0,22.756558712689365,-0.058890353449293345
1603,-80.0,-95.0,16.708682375482002,-0.0757495746108262
1604,-75.0,-95.0,13.313291796230638,-0.08983710004029198
1605,-70.0,-95.0,11.09274463630361,-0.10197955687287753
1606,-65.0,-95.0,9.512154834449877,-0.11262006665269253
1607,-60.0,-95.0,8.326394090442117,-0.12202787149258291
1608,-55.0,-95.0,7.405702956037787,-0.1303792331708913
1609,-50.0,-95.0,6.674332672800147,-0.137795066555774
1610,-45.0,-95.0,6.084836369233889,-0.14436073836020147
1611,-40.0,-95.0,5.605896628096526,-0.150137465516727
1612,-35.0,-95.0,5.216015067898103,-0.1551693680343512
1613,-30.0,-95.0,4.900004738283649,-0.15948811332815047
1614,-25.0,-95.0,4.646931331255444,-0.1631161502682998
1615,-20.0,-95.0,4.44885274099719,-0.166069072474595
1616,-15.0,-95.0,4.30002334472576,-0.16835740636236113
1617,-10.0,-95.0,4.196382758329589,-0.1699879807289946
1618,-5.0,-95.0,4.135227850741923,-0.1709649544034062
1619,0.0,-95.0,4.115009978732799,-0.17129053523460208
1620,5.0,-95.0,4.080450830638446,-0.17184936940342926
1621,10.0,-95.0,3.978216451384841,-0.1735243276624251
1622,15.0,-95.0,3.812482082088528,-0.1763106318196713
1623,20.0,-95.0,3.589712116331633,-0.1802021344707697
1624,25.0,-95.0,3.3182770637810712,-0.18518207273446824
1625,30.0,-95.0,3.0076140675964904,-0.19122680055103736
1626,35.0,-95.0,2.667728061225489,-0.19829085242806302
1627,40.0,-95.0,2.3083759499277434,-0.20630598847141454
1628,45.0,-95.0,1.9385480520884564,-0.2151663389433433
1629,50.0,-95.0,1.5659094409612546,-0.22472017026773566
1630,55.0,-95.0,1.19633400882946,-0.2347689844168529
1631,60.0,-95.0,0.8336227585038172,-0.24507623630622288
1632,65.0,-95.0,0.479447555127659,-0.2553905598067467
1633,70.0,-95.0,0.13357233636926688,-0.26548056532438463
1634,75.0,-95.0,0.2056618429209783,-0.27516904476206155
1635,80.0,-95.0,0.5407044457188137,-0.28435738532421495
1636,85.0,-95.0,0.8741599848437593,-0.2930316760158585
1637,90.0,-95.0,1.2082723877733936,-0.3012495034706746
1638,95.0,-95.0,1.5446313142518606,-0.30911184120504204
1639,100.0,-95.0,1.88409782911482,-0.31673391609096746
1640,-100.0,-100.0,2211.902480097281,-0.0007515114899596232
1641,-95.0,-100.0,40.57929713034385,-0.03883725626524919
1642,-90.0,-100.0,24.43110523531033,-0.06106153129465123
1643,-85.0,-100.0,18.010760501239258,-0.07841143256286318
1644,-80.0,-100.0,14.393515976356149,-0.09293214287837505
1645,-75.0,-100.0,12.020790741736759,-0.10547802041839507
1646,-70.0,-100.0,10.326738295341611,-0.11650655902318519
1647,-65.0,-100.0,9.051519952954175,-0.12629591971659707
1648,-60.0,-100.0,8.057366964798398,-0.13502865879657291
1649,-55.0,-100.0,7.263731470851686,-0.14283059398862372
1650,-50.0,-100.0,6.62007255543554,-0.14979120514509206
1651,-45.0,-100.0,6.092953798464991,-0.15597534129752053
1652,-40.0,-100.0,5.6593454182054534,-0.16143042625332832
1653,-35.0,-100.0,5.302895321921012,-0.16619116359344707
1654,-30.0,-100.0,5.011735325750388,-0.17028277502895484
1655,-25.0,-100.0,4.777132915672802,-0.1737233376311802
1656,-20.0,-100.0,4.5926342043136845,-0.17652553935755358
1657,-15.0,-100.0,4.45350599661485,-0.17869803354021505
1658,-10.0,-100.0,4.356368303185238,-0.18024649056562975
1659,-5.0,-100.0,4.298953916378376,-0.18117439538853983
1660,0.0,-100.0,4.279957568336421,-0.1814836114209157
1661,5.0,-100.0,4.247465310854612,-0.18201453114360228
1662,10.0,-100.0,4.151212916015815,-0.1836059378777722
1663,15.0,-100.0,3.9947532056367545,-0.1862537370924383
1664,20.0,-100.0,3.7836224220419172,-0.18995281385373033
1665,25.0,-100.0,3.5248572009330705,-0.19469920656959339
1666,30.0,-100.0,3.2267876162901077,-0.20047410241884878
1667,35.0,-100.0,2.898201703454541,-0.20725318049221422
1668,40.0,-100.0,2.548086572611417,-0.21498564626213662
1669,45.0,-100.0,2.184963683102134,-0.2235924936724419
1670,50.0,-100.0,1.816446110703431,-0.23295456829404626
1671,55.0,-100.0,1.4488020391262741,-0.2429049226153615
1672,60.0,-100.0,1.0865817717384332,-0.2532305490064375
1673,65.0,-100.0,0.7323988163918695,-0.2636871806578584
1674,70.0,-100.0,0.3869452924392232,-0.27402708656967173
1675,75.0,-100.0,0.04927059087366508,-0.2840341920633859
1676,80.0,-100.0,0.28272201495976734,-0.29355635069349634
1677,85.0,-100.0,0.6116688815262233,-0.3025245921220836
1678,90.0,-100.0,0.9401688557815835,-0.310952589463081
1679,95.0,-100.0,1.270346589687201,-0.3189165978109119
1680,100.0,-100.0,1.6036344891632246,-0.3265274877459077
